"Hostname","CreationTime","Job Name","BackupSize(GB)","DataSize(GB)","Full/Inc","Status","Job Type","FileName","IsAvailable","FilePath"
"veeampoc1","9/10/2019 10:30:07","PowerShellOptions","27.7654","220","Full","Successful","VMware Backup","veeampoc1.vm-14857D2019-09-10T102900_6001.vbk","True","D:\Backups\RPOC Stash\veeampoc1.vm-14857D2019-09-10T102900_6001.vbk"
"veeampoc-tmp","9/10/2019 10:29:15","PowerShellOptions","45.4672","160","Full","Successful","VMware Backup","veeampoc-tmp.vm-14462D2019-09-10T102900_D4D4.vbk","True","D:\Backups\RPOC Stash\veeampoc-tmp.vm-14462D2019-09-10T102900_D4D4.vbk"
"ausveeamdeploy","9/10/2019 14:36:17","PowerShellOptions","19.239","120.0001","Full","Successful","VMware Backup","ausveeamdeploy.vm-14237D2019-09-10T142830_04E1.vbk","True","D:\Backups\RPOC Stash\ausveeamdeploy.vm-14237D2019-09-10T142830_04E1.vbk"
"member","5/23/2020 22:00:33","SOBRBackupTest","6.7953","40","Full","Successful","VMware Backup","member.vm-461D2020-05-23T220154_3EB3.vbk","True","member.vm-461D2020-05-23T220154_3EB3.vbk"
"client","5/23/2020 22:00:33","SOBRBackupTest","7.4377","32.0003","Full","Successful","VMware Backup","client.vm-460D2020-05-23T220154_1916.vbk","True","client.vm-460D2020-05-23T220154_1916.vbk"
"DC","5/23/2020 22:00:33","SOBRBackupTest","6.2092","40","Full","Successful","VMware Backup","DC.vm-470D2020-05-23T220154_91BF.vbk","True","DC.vm-470D2020-05-23T220154_91BF.vbk"
"member","5/24/2020 22:00:32","SOBRBackupTest","0.017","0","Increment","Successful","VMware Backup","member.vm-461D2020-05-24T220016_1AD9.vib","True","member.vm-461D2020-05-24T220016_1AD9.vib"
"DC","5/24/2020 22:00:31","SOBRBackupTest","0.017","0","Increment","Successful","VMware Backup","DC.vm-470D2020-05-24T220016_D06B.vib","True","DC.vm-470D2020-05-24T220016_D06B.vib"
"client","5/24/2020 22:00:31","SOBRBackupTest","0.017","0.0003","Increment","Successful","VMware Backup","client.vm-460D2020-05-24T220016_331F.vib","True","client.vm-460D2020-05-24T220016_331F.vib"
"DC","5/25/2020 22:00:34","SOBRBackupTest","0.017","0","Increment","Successful","VMware Backup","DC.vm-470D2020-05-25T220020_4C36.vib","True","DC.vm-470D2020-05-25T220020_4C36.vib"
"member","5/25/2020 22:00:36","SOBRBackupTest","0.017","0","Increment","Successful","VMware Backup","member.vm-461D2020-05-25T220020_CB88.vib","True","member.vm-461D2020-05-25T220020_CB88.vib"
"client","5/25/2020 22:00:34","SOBRBackupTest","0.017","0.0003","Increment","Successful","VMware Backup","client.vm-460D2020-05-25T220020_46DE.vib","True","client.vm-460D2020-05-25T220020_46DE.vib"
"client","5/27/2020 22:00:47","SOBRBackupTest","0.017","0.0003","Increment","Successful","VMware Backup","client.vm-460D2020-05-27T220026_84F7.vib","True","client.vm-460D2020-05-27T220026_84F7.vib"
"DC","5/27/2020 22:00:42","SOBRBackupTest","0.017","0","Increment","Successful","VMware Backup","DC.vm-470D2020-05-27T220026_98CE.vib","True","DC.vm-470D2020-05-27T220026_98CE.vib"
"member","5/27/2020 22:00:43","SOBRBackupTest","0.017","0","Increment","Successful","VMware Backup","member.vm-461D2020-05-27T220026_FB29.vib","True","member.vm-461D2020-05-27T220026_FB29.vib"
"client","5/28/2020 22:00:33","SOBRBackupTest","0.017","0.0003","Increment","Successful","VMware Backup","client.vm-460D2020-05-28T220012_1A79.vib","True","client.vm-460D2020-05-28T220012_1A79.vib"
"member","5/28/2020 22:00:29","SOBRBackupTest","0.017","0","Increment","Successful","VMware Backup","member.vm-461D2020-05-28T220012_B51D.vib","True","member.vm-461D2020-05-28T220012_B51D.vib"
"DC","5/28/2020 22:00:27","SOBRBackupTest","0.017","0","Increment","Successful","VMware Backup","DC.vm-470D2020-05-28T220012_79C0.vib","True","DC.vm-470D2020-05-28T220012_79C0.vib"
"client","5/29/2020 22:00:35","SOBRBackupTest","0.017","0.0003","Increment","Successful","VMware Backup","client.vm-460D2020-05-29T220019_0DF9.vib","True","client.vm-460D2020-05-29T220019_0DF9.vib"
"member","5/29/2020 22:00:35","SOBRBackupTest","0.017","0","Increment","Successful","VMware Backup","member.vm-461D2020-05-29T220019_96D0.vib","True","member.vm-461D2020-05-29T220019_96D0.vib"
"DC","5/29/2020 22:00:35","SOBRBackupTest","0.017","0","Increment","Successful","VMware Backup","DC.vm-470D2020-05-29T220019_0DF9.vib","True","DC.vm-470D2020-05-29T220019_0DF9.vib"
"member","5/30/2020 22:00:40","SOBRBackupTest","6.7953","40","Full","Successful","VMware Backup","member.vm-461D2020-05-30T220203_771D.vbk","True","member.vm-461D2020-05-30T220203_771D.vbk"
"client","5/30/2020 22:00:40","SOBRBackupTest","7.4377","32.0003","Full","Successful","VMware Backup","client.vm-460D2020-05-30T220203_B369.vbk","True","client.vm-460D2020-05-30T220203_B369.vbk"
"DC","5/30/2020 22:00:40","SOBRBackupTest","6.2092","40","Full","Successful","VMware Backup","DC.vm-470D2020-05-30T220203_EFCD.vbk","True","DC.vm-470D2020-05-30T220203_EFCD.vbk"
"client","5/31/2020 22:00:49","SOBRBackupTest","0.017","0.0003","Increment","Successful","VMware Backup","client.vm-460D2020-05-31T220034_B88D.vib","True","client.vm-460D2020-05-31T220034_B88D.vib"
"member","5/31/2020 22:00:49","SOBRBackupTest","0.017","0","Increment","Successful","VMware Backup","member.vm-461D2020-05-31T220034_1B9E.vib","True","member.vm-461D2020-05-31T220034_1B9E.vib"
"DC","5/31/2020 22:00:49","SOBRBackupTest","0.017","0","Increment","Successful","VMware Backup","DC.vm-470D2020-05-31T220034_F276.vib","True","DC.vm-470D2020-05-31T220034_F276.vib"
"client","6/1/2020 22:00:42","SOBRBackupTest","0.017","0.0003","Increment","Successful","VMware Backup","client.vm-460D2020-06-01T220027_BE98.vib","True","client.vm-460D2020-06-01T220027_BE98.vib"
"member","6/1/2020 22:00:43","SOBRBackupTest","0.017","0","Increment","Successful","VMware Backup","member.vm-461D2020-06-01T220027_4581.vib","True","member.vm-461D2020-06-01T220027_4581.vib"
"DC","6/1/2020 22:00:42","SOBRBackupTest","0.017","0","Increment","Successful","VMware Backup","DC.vm-470D2020-06-01T220027_FC01.vib","True","DC.vm-470D2020-06-01T220027_FC01.vib"
"ausveeambr","6/2/2020 01:08:19","AUSVCENTER-TagTest","29.8397","80.0002","Full","Successful","VMware Backup","ausveeambr.vm-476D2020-06-02T010925_79E3.vbk","True","D:\Backups\AUSVCENTER-TagTest\ausveeambr.vm-476D2020-06-02T010925_79E3.vbk"
"ausdc01","6/2/2020 01:06:15","AUSVCENTER-TagTest","5.0492","80.0003","Full","Successful","VMware Backup","ausdc01.vm-41D2020-06-02T010925_3CB7.vbk","True","D:\Backups\AUSVCENTER-TagTest\ausdc01.vm-41D2020-06-02T010925_3CB7.vbk"
"ausdc01","6/2/2020 05:06:11","AUSVCENTER-TagTest","0.0813","0.2747","Increment","Successful","VMware Backup","ausdc01.vm-41D2020-06-02T050516_9D25.vib","True","D:\Backups\AUSVCENTER-TagTest\ausdc01.vm-41D2020-06-02T050516_9D25.vib"
"ausveeambr","6/2/2020 05:08:18","AUSVCENTER-TagTest","0.5886","1.7043","Increment","Successful","VMware Backup","ausveeambr.vm-476D2020-06-02T050516_CB87.vib","True","D:\Backups\AUSVCENTER-TagTest\ausveeambr.vm-476D2020-06-02T050516_CB87.vib"
"ausdc01","6/2/2020 09:06:14","AUSVCENTER-TagTest","0.2291","0.7552","Increment","Successful","VMware Backup","ausdc01.vm-41D2020-06-02T090521_CE88.vib","True","D:\Backups\AUSVCENTER-TagTest\ausdc01.vm-41D2020-06-02T090521_CE88.vib"
"ausveeambr","6/2/2020 09:08:19","AUSVCENTER-TagTest","1.0066","2.8293","Increment","Successful","VMware Backup","ausveeambr.vm-476D2020-06-02T090521_7453.vib","True","D:\Backups\AUSVCENTER-TagTest\ausveeambr.vm-476D2020-06-02T090521_7453.vib"
"ausdc01","6/2/2020 13:05:36","AUSVCENTER-TagTest","0.0647","0.2415","Increment","Successful","VMware Backup","ausdc01.vm-41D2020-06-02T130512_6324.vib","True","D:\Backups\AUSVCENTER-TagTest\ausdc01.vm-41D2020-06-02T130512_6324.vib"
"ausveeambr","6/2/2020 13:07:35","AUSVCENTER-TagTest","11.9245","55.2707","Increment","Successful","VMware Backup","ausveeambr.vm-476D2020-06-02T130512_88FA.vib","True","D:\Backups\AUSVCENTER-TagTest\ausveeambr.vm-476D2020-06-02T130512_88FA.vib"
"aussql2k14","2/7/2020 13:21:43","SQLLogTest","12.2747","72.0001","Full","Successful","VMware Backup","aussql2k14.vm-29927D2020-02-07T132105_CFC8.vbk","True","D:\Backups\SQLLogTest\aussql2k14.vm-29927D2020-02-07T132105_CFC8.vbk"
"aussql2k14","2/7/2020 13:54:39","SQLLogTest","0.2033","0.548","Increment","Successful","VMware Backup","aussql2k14.vm-29927D2020-02-07T135410_5ADB.vib","True","D:\Backups\SQLLogTest\aussql2k14.vm-29927D2020-02-07T135410_5ADB.vib"
"aussql2k14","2/7/2020 15:43:39","SQLLogTest","0.1826","0.4894","Increment","Successful","VMware Backup","aussql2k14.vm-29927D2020-02-07T154310_C9CC.vib","True","D:\Backups\SQLLogTest\aussql2k14.vm-29927D2020-02-07T154310_C9CC.vib"
"aussql2k14","2/7/2020 17:18:56","SQLLogTest","0.2089","0.5802","Increment","Successful","VMware Backup","aussql2k14.vm-29927D2020-02-07T171826_DE2C.vib","True","D:\Backups\SQLLogTest\aussql2k14.vm-29927D2020-02-07T171826_DE2C.vib"
"aussql2k14","2/7/2020 17:54:44","SQLLogTest","0.127","0.3234","Increment","Successful","VMware Backup","aussql2k14.vm-29927D2020-02-07T175414_9A88.vib","True","D:\Backups\SQLLogTest\aussql2k14.vm-29927D2020-02-07T175414_9A88.vib"
"aussql2k14","2/7/2020 18:06:06","SQLLogTest","0.0963","0.2423","Increment","Successful","VMware Backup","aussql2k14.vm-29927D2020-02-07T180536_5E7E.vib","True","D:\Backups\SQLLogTest\aussql2k14.vm-29927D2020-02-07T180536_5E7E.vib"
"aussql2k14","2/7/2020 18:14:14","SQLLogTest","0.0957","0.2413","Increment","Successful","VMware Backup","aussql2k14.vm-29927D2020-02-07T181344_F12C.vib","True","D:\Backups\SQLLogTest\aussql2k14.vm-29927D2020-02-07T181344_F12C.vib"
"aussql2k14","2/7/2020 18:19:10","SQLLogTest","0.0895","0.2296","Increment","Successful","VMware Backup","aussql2k14.vm-29927D2020-02-07T181840_D530.vib","True","D:\Backups\SQLLogTest\aussql2k14.vm-29927D2020-02-07T181840_D530.vib"
"aussql2k14","2/28/2020 09:10:46","SQLLogTest","7.7791","13.6505","Increment","Successful","VMware Backup","aussql2k14.vm-29927D2020-02-28T090935_0F40.vib","True","D:\Backups\SQLLogTest\aussql2k14.vm-29927D2020-02-28T090935_0F40.vib"
"aussql2k14","3/23/2020 15:36:01","SQLLogTest","4.6005","13.7151","Increment","Successful","VMware Backup","aussql2k14.vm-29927D2020-03-23T153520_C1F0.vib","True","D:\Backups\SQLLogTest\aussql2k14.vm-29927D2020-03-23T153520_C1F0.vib"
"aussql2k14","3/27/2020 18:58:25","SQLLogTest","1.6631","4.7083","Increment","Successful","VMware Backup","aussql2k14.vm-29927D2020-03-27T184840_3F96.vib","True","D:\Backups\SQLLogTest\aussql2k14.vm-29927D2020-03-27T184840_3F96.vib"
"aussql2k14","3/27/2020 19:03:59","SQLLogTest","0.7054","1.7767","Increment","Successful","VMware Backup","aussql2k14.vm-29927D2020-03-27T190209_0710.vib","True","D:\Backups\SQLLogTest\aussql2k14.vm-29927D2020-03-27T190209_0710.vib"
"aussql2k14","3/27/2020 19:24:55","SQLLogTest","0.0853","0.2112","Increment","Successful","VMware Backup","aussql2k14.vm-29927D2020-03-27T192412_71D2.vib","True","D:\Backups\SQLLogTest\aussql2k14.vm-29927D2020-03-27T192412_71D2.vib"
"aussql2k14","4/6/2020 15:38:39","SQLLogTest","2.304","6.9114","Increment","Successful","VMware Backup","aussql2k14.vm-29927D2020-04-06T153803_9645.vib","True","D:\Backups\SQLLogTest\aussql2k14.vm-29927D2020-04-06T153803_9645.vib"
"ausdc01","5/30/2020 00:32:37","DomainControllers","7.5499","80.0003","Full","Successful","VMware Backup","ausdc01.vm-41D2020-05-30T004020_E9B7.vbk","True","D:\Backups\DomainControllers\ausdc01.vm-41D2020-05-30T004020_E9B7.vbk"
"ausdc02","5/30/2020 00:38:04","DomainControllers","5.311","80.0003","Full","Successful","VMware Backup","ausdc02.vm-475D2020-05-30T004020_278B.vbk","True","D:\Backups\DomainControllers\ausdc02.vm-475D2020-05-30T004020_278B.vbk"
"ausdc01","5/30/2020 04:25:56","DomainControllers","0.0983","0.3089","Increment","Successful","VMware Backup","ausdc01.vm-41D2020-05-30T042522_7429.vib","True","D:\Backups\DomainControllers\ausdc01.vm-41D2020-05-30T042522_7429.vib"
"ausdc02","5/30/2020 04:25:51","DomainControllers","0.1149","0.3333","Increment","Successful","VMware Backup","ausdc02.vm-475D2020-05-30T042522_5D19.vib","True","D:\Backups\DomainControllers\ausdc02.vm-475D2020-05-30T042522_5D19.vib"
"ausdc01","5/30/2020 08:25:39","DomainControllers","0.0904","0.2903","Increment","Successful","VMware Backup","ausdc01.vm-41D2020-05-30T082510_0B69.vib","True","D:\Backups\DomainControllers\ausdc01.vm-41D2020-05-30T082510_0B69.vib"
"ausdc02","5/30/2020 08:25:39","DomainControllers","0.0906","0.2776","Increment","Successful","VMware Backup","ausdc02.vm-475D2020-05-30T082510_4864.vib","True","D:\Backups\DomainControllers\ausdc02.vm-475D2020-05-30T082510_4864.vib"
"ausdc01","5/30/2020 12:25:38","DomainControllers","0.0752","0.2552","Increment","Successful","VMware Backup","ausdc01.vm-41D2020-05-30T122510_1442.vib","True","D:\Backups\DomainControllers\ausdc01.vm-41D2020-05-30T122510_1442.vib"
"ausdc02","5/30/2020 12:25:38","DomainControllers","0.0966","0.303","Increment","Successful","VMware Backup","ausdc02.vm-475D2020-05-30T122510_3A36.vib","True","D:\Backups\DomainControllers\ausdc02.vm-475D2020-05-30T122510_3A36.vib"
"ausdc02","5/30/2020 16:25:59","DomainControllers","0.0805","0.2747","Increment","Successful","VMware Backup","ausdc02.vm-475D2020-05-30T162531_E1E2.vib","True","D:\Backups\DomainControllers\ausdc02.vm-475D2020-05-30T162531_E1E2.vib"
"ausdc01","5/30/2020 16:25:59","DomainControllers","0.0849","0.2923","Increment","Successful","VMware Backup","ausdc01.vm-41D2020-05-30T162531_1AB5.vib","True","D:\Backups\DomainControllers\ausdc01.vm-41D2020-05-30T162531_1AB5.vib"
"ausdc02","5/30/2020 20:25:59","DomainControllers","0.0833","0.2708","Increment","Successful","VMware Backup","ausdc02.vm-475D2020-05-30T202532_805D.vib","True","D:\Backups\DomainControllers\ausdc02.vm-475D2020-05-30T202532_805D.vib"
"ausdc01","5/30/2020 20:25:59","DomainControllers","0.0706","0.2435","Increment","Successful","VMware Backup","ausdc01.vm-41D2020-05-30T202532_D170.vib","True","D:\Backups\DomainControllers\ausdc01.vm-41D2020-05-30T202532_D170.vib"
"ausdc02","5/31/2020 00:25:40","DomainControllers","0.0754","0.2132","Increment","Successful","VMware Backup","ausdc02.vm-475D2020-05-31T002513_77CE.vib","True","D:\Backups\DomainControllers\ausdc02.vm-475D2020-05-31T002513_77CE.vib"
"ausdc01","5/31/2020 00:25:41","DomainControllers","0.073","0.2298","Increment","Successful","VMware Backup","ausdc01.vm-41D2020-05-31T002513_16D3.vib","True","D:\Backups\DomainControllers\ausdc01.vm-41D2020-05-31T002513_16D3.vib"
"ausdc02","5/31/2020 04:25:44","DomainControllers","0.0819","0.2298","Increment","Successful","VMware Backup","ausdc02.vm-475D2020-05-31T042515_0EFA.vib","True","D:\Backups\DomainControllers\ausdc02.vm-475D2020-05-31T042515_0EFA.vib"
"ausdc01","5/31/2020 04:25:44","DomainControllers","0.1016","0.3138","Increment","Successful","VMware Backup","ausdc01.vm-41D2020-05-31T042515_4C94.vib","True","D:\Backups\DomainControllers\ausdc01.vm-41D2020-05-31T042515_4C94.vib"
"ausdc01","5/31/2020 08:25:41","DomainControllers","0.2751","0.7825","Increment","Successful","VMware Backup","ausdc01.vm-41D2020-05-31T082513_ABC4.vib","True","D:\Backups\DomainControllers\ausdc01.vm-41D2020-05-31T082513_ABC4.vib"
"ausdc02","5/31/2020 08:25:41","DomainControllers","0.3044","0.7395","Increment","Successful","VMware Backup","ausdc02.vm-475D2020-05-31T082513_24A1.vib","True","D:\Backups\DomainControllers\ausdc02.vm-475D2020-05-31T082513_24A1.vib"
"ausdc01","5/31/2020 12:25:56","DomainControllers","0.0909","0.2825","Increment","Successful","VMware Backup","ausdc01.vm-41D2020-05-31T122528_7943.vib","True","D:\Backups\DomainControllers\ausdc01.vm-41D2020-05-31T122528_7943.vib"
"ausdc02","5/31/2020 12:25:56","DomainControllers","0.0881","0.2483","Increment","Successful","VMware Backup","ausdc02.vm-475D2020-05-31T122528_C218.vib","True","D:\Backups\DomainControllers\ausdc02.vm-475D2020-05-31T122528_C218.vib"
"ausdc01","5/31/2020 16:25:47","DomainControllers","0.0813","0.2493","Increment","Successful","VMware Backup","ausdc01.vm-41D2020-05-31T162519_6B37.vib","True","D:\Backups\DomainControllers\ausdc01.vm-41D2020-05-31T162519_6B37.vib"
"ausdc02","5/31/2020 16:25:47","DomainControllers","0.0884","0.2493","Increment","Successful","VMware Backup","ausdc02.vm-475D2020-05-31T162519_CC48.vib","True","D:\Backups\DomainControllers\ausdc02.vm-475D2020-05-31T162519_CC48.vib"
"ausdc02","5/31/2020 20:25:44","DomainControllers","0.081","0.2347","Increment","Successful","VMware Backup","ausdc02.vm-475D2020-05-31T202516_FFAD.vib","True","D:\Backups\DomainControllers\ausdc02.vm-475D2020-05-31T202516_FFAD.vib"
"ausdc01","5/31/2020 20:25:48","DomainControllers","0.0727","0.2259","Increment","Successful","VMware Backup","ausdc01.vm-41D2020-05-31T202516_36EA.vib","True","D:\Backups\DomainControllers\ausdc01.vm-41D2020-05-31T202516_36EA.vib"
"ausdc01","6/1/2020 00:25:43","DomainControllers","0.0739","0.2386","Increment","Successful","VMware Backup","ausdc01.vm-41D2020-06-01T002514_7D85.vib","True","D:\Backups\DomainControllers\ausdc01.vm-41D2020-06-01T002514_7D85.vib"
"ausdc02","6/1/2020 00:25:43","DomainControllers","0.0792","0.2308","Increment","Successful","VMware Backup","ausdc02.vm-475D2020-06-01T002514_DEEF.vib","True","D:\Backups\DomainControllers\ausdc02.vm-475D2020-06-01T002514_DEEF.vib"
"ausdc02","6/1/2020 04:26:00","DomainControllers","0.0906","0.2903","Increment","Successful","VMware Backup","ausdc02.vm-475D2020-06-01T042531_F3BA.vib","True","D:\Backups\DomainControllers\ausdc02.vm-475D2020-06-01T042531_F3BA.vib"
"ausdc01","6/1/2020 04:26:00","DomainControllers","0.1008","0.3294","Increment","Successful","VMware Backup","ausdc01.vm-41D2020-06-01T042531_9252.vib","True","D:\Backups\DomainControllers\ausdc01.vm-41D2020-06-01T042531_9252.vib"
"ausdc02","6/1/2020 08:25:57","DomainControllers","0.1104","0.3509","Increment","Successful","VMware Backup","ausdc02.vm-475D2020-06-01T082529_6ABF.vib","True","D:\Backups\DomainControllers\ausdc02.vm-475D2020-06-01T082529_6ABF.vib"
"ausdc01","6/1/2020 08:25:57","DomainControllers","0.0918","0.3147","Increment","Successful","VMware Backup","ausdc01.vm-41D2020-06-01T082529_098D.vib","True","D:\Backups\DomainControllers\ausdc01.vm-41D2020-06-01T082529_098D.vib"
"ausdc01","6/1/2020 12:25:46","DomainControllers","0.082","0.2601","Increment","Successful","VMware Backup","ausdc01.vm-41D2020-06-01T122517_2C7C.vib","True","D:\Backups\DomainControllers\ausdc01.vm-41D2020-06-01T122517_2C7C.vib"
"ausdc02","6/1/2020 12:25:45","DomainControllers","0.0838","0.2395","Increment","Successful","VMware Backup","ausdc02.vm-475D2020-06-01T122517_A4B0.vib","True","D:\Backups\DomainControllers\ausdc02.vm-475D2020-06-01T122517_A4B0.vib"
"ausdc02","6/1/2020 16:25:52","DomainControllers","0.083","0.2464","Increment","Successful","VMware Backup","ausdc02.vm-475D2020-06-01T162523_95F3.vib","True","D:\Backups\DomainControllers\ausdc02.vm-475D2020-06-01T162523_95F3.vib"
"ausdc01","6/1/2020 16:25:52","DomainControllers","0.0709","0.2171","Increment","Successful","VMware Backup","ausdc01.vm-41D2020-06-01T162523_347F.vib","True","D:\Backups\DomainControllers\ausdc01.vm-41D2020-06-01T162523_347F.vib"
"ausdc01","6/1/2020 20:25:57","DomainControllers","0.074","0.2278","Increment","Successful","VMware Backup","ausdc01.vm-41D2020-06-01T202527_55D3.vib","True","D:\Backups\DomainControllers\ausdc01.vm-41D2020-06-01T202527_55D3.vib"
"ausdc02","6/1/2020 20:25:56","DomainControllers","0.0737","0.2073","Increment","Successful","VMware Backup","ausdc02.vm-475D2020-06-01T202527_942C.vib","True","D:\Backups\DomainControllers\ausdc02.vm-475D2020-06-01T202527_942C.vib"
"ausdc02","6/2/2020 00:25:49","DomainControllers","0.0763","0.2259","Increment","Successful","VMware Backup","ausdc02.vm-475D2020-06-02T002519_552C.vib","True","D:\Backups\DomainControllers\ausdc02.vm-475D2020-06-02T002519_552C.vib"
"ausdc01","6/2/2020 00:25:47","DomainControllers","0.0784","0.2366","Increment","Successful","VMware Backup","ausdc01.vm-41D2020-06-02T002519_552C.vib","True","D:\Backups\DomainControllers\ausdc01.vm-41D2020-06-02T002519_552C.vib"
"ausdc01","6/2/2020 04:25:44","DomainControllers","0.0999","0.3138","Increment","Successful","VMware Backup","ausdc01.vm-41D2020-06-02T042515_29AD.vib","True","D:\Backups\DomainControllers\ausdc01.vm-41D2020-06-02T042515_29AD.vib"
"ausdc02","6/2/2020 04:25:43","DomainControllers","0.0724","0.219","Increment","Successful","VMware Backup","ausdc02.vm-475D2020-06-02T042515_8AA1.vib","True","D:\Backups\DomainControllers\ausdc02.vm-475D2020-06-02T042515_8AA1.vib"
"ausdc02","6/2/2020 08:25:44","DomainControllers","0.2812","0.7561","Increment","Successful","VMware Backup","ausdc02.vm-475D2020-06-02T082516_A4BF.vib","True","D:\Backups\DomainControllers\ausdc02.vm-475D2020-06-02T082516_A4BF.vib"
"ausdc01","6/2/2020 08:25:44","DomainControllers","0.2758","0.7815","Increment","Successful","VMware Backup","ausdc01.vm-41D2020-06-02T082516_81D7.vib","True","D:\Backups\DomainControllers\ausdc01.vm-41D2020-06-02T082516_81D7.vib"
"ausdc01","6/2/2020 12:25:55","DomainControllers","0.0834","0.2854","Increment","Successful","VMware Backup","ausdc01.vm-41D2020-06-02T122526_B3EB.vib","True","D:\Backups\DomainControllers\ausdc01.vm-41D2020-06-02T122526_B3EB.vib"
"ausdc02","6/2/2020 12:25:55","DomainControllers","0.1124","0.3587","Increment","Successful","VMware Backup","ausdc02.vm-475D2020-06-02T122526_1648.vib","True","D:\Backups\DomainControllers\ausdc02.vm-475D2020-06-02T122526_1648.vib"
"ausvcenter","5/23/2020 19:00:51","vCenterServers","11.8394","319.6983","Full","Successful","VMware Backup","ausvcenter.vm-48D2020-05-23T190807_8DF1.vbk","True","D:\Backups\vCenterServers\ausvcenter.vm-48D2020-05-23T190807_8DF1.vbk"
"ausvcenter","5/24/2020 19:00:51","vCenterServers","0.4869","1.7784","Increment","Successful","VMware Backup","ausvcenter.vm-48D2020-05-24T190029_5D4F.vib","True","D:\Backups\vCenterServers\ausvcenter.vm-48D2020-05-24T190029_5D4F.vib"
"ausvcenter","5/25/2020 19:00:53","vCenterServers","0.5311","2.0001","Increment","Successful","VMware Backup","ausvcenter.vm-48D2020-05-25T190032_9F97.vib","True","D:\Backups\vCenterServers\ausvcenter.vm-48D2020-05-25T190032_9F97.vib"
"ausvcenter","5/27/2020 19:00:33","vCenterServers","1.0411","2.9727","Increment","Successful","VMware Backup","ausvcenter.vm-48D2020-05-27T190011_5E57.vib","True","D:\Backups\vCenterServers\ausvcenter.vm-48D2020-05-27T190011_5E57.vib"
"ausvcenter","5/28/2020 19:00:53","vCenterServers","0.8796","2.4747","Increment","Successful","VMware Backup","ausvcenter.vm-48D2020-05-28T190031_9EB4.vib","True","D:\Backups\vCenterServers\ausvcenter.vm-48D2020-05-28T190031_9EB4.vib"
"ausvcenter","5/29/2020 19:00:43","vCenterServers","0.4917","1.8087","Increment","Successful","VMware Backup","ausvcenter.vm-48D2020-05-29T190022_C6BC.vib","True","D:\Backups\vCenterServers\ausvcenter.vm-48D2020-05-29T190022_C6BC.vib"
"ausvcenter","5/30/2020 19:00:32","vCenterServers","12.5884","319.6983","Full","Successful","VMware Backup","ausvcenter.vm-48D2020-05-30T192717_1E11.vbk","True","D:\Backups\vCenterServers\ausvcenter.vm-48D2020-05-30T192717_1E11.vbk"
"ausvcenter","5/31/2020 19:00:44","vCenterServers","0.4503","1.7051","Increment","Successful","VMware Backup","ausvcenter.vm-48D2020-05-31T190023_8DD5.vib","True","D:\Backups\vCenterServers\ausvcenter.vm-48D2020-05-31T190023_8DD5.vib"
"ausvcenter","6/1/2020 19:00:44","vCenterServers","0.5435","1.9444","Increment","Successful","VMware Backup","ausvcenter.vm-48D2020-06-01T190023_85E6.vib","True","D:\Backups\vCenterServers\ausvcenter.vm-48D2020-06-01T190023_85E6.vib"
"ausveeambem","2/1/2020 00:01:14","SQL Log backup","18.907","100.0002","Full","Successful","VMware Backup","ausveeambem.vm-29567D2020-02-01T000555_2052.vbk","True","D:\Backups\SQL Log backup\ausveeambem.vm-29567D2020-02-01T000555_2052.vbk"
"ausveeambem","2/1/2020 03:00:58","SQL Log backup","0.3558","0.9963","Increment","Successful","VMware Backup","ausveeambem.vm-29567D2020-02-01T030015_1576.vib","True","D:\Backups\SQL Log backup\ausveeambem.vm-29567D2020-02-01T030015_1576.vib"
"ausveeambem","2/1/2020 06:01:06","SQL Log backup","0.4079","1.214","Increment","Successful","VMware Backup","ausveeambem.vm-29567D2020-02-01T060023_633F.vib","True","D:\Backups\SQL Log backup\ausveeambem.vm-29567D2020-02-01T060023_633F.vib"
"ausveeambem","2/1/2020 09:01:13","SQL Log backup","0.3237","0.8976","Increment","Successful","VMware Backup","ausveeambem.vm-29567D2020-02-01T090030_BE7C.vib","True","D:\Backups\SQL Log backup\ausveeambem.vm-29567D2020-02-01T090030_BE7C.vib"
"ausveeambem","2/1/2020 12:01:04","SQL Log backup","0.4009","1.217","Increment","Successful","VMware Backup","ausveeambem.vm-29567D2020-02-01T120018_623C.vib","True","D:\Backups\SQL Log backup\ausveeambem.vm-29567D2020-02-01T120018_623C.vib"
"ausveeambem","2/1/2020 15:01:15","SQL Log backup","0.4359","1.2062","Increment","Successful","VMware Backup","ausveeambem.vm-29567D2020-02-01T150030_1246.vib","True","D:\Backups\SQL Log backup\ausveeambem.vm-29567D2020-02-01T150030_1246.vib"
"ausveeambem","2/1/2020 18:01:00","SQL Log backup","0.3828","1.1584","Increment","Successful","VMware Backup","ausveeambem.vm-29567D2020-02-01T180015_975F.vib","True","D:\Backups\SQL Log backup\ausveeambem.vm-29567D2020-02-01T180015_975F.vib"
"ausveeambem","2/1/2020 21:01:08","SQL Log backup","0.3123","0.9777","Increment","Successful","VMware Backup","ausveeambem.vm-29567D2020-02-01T210024_D0D7.vib","True","D:\Backups\SQL Log backup\ausveeambem.vm-29567D2020-02-01T210024_D0D7.vib"
"ausveeambem","2/2/2020 00:01:17","SQL Log backup","0.3628","1.1164","Increment","Successful","VMware Backup","ausveeambem.vm-29567D2020-02-02T000032_1793.vib","True","D:\Backups\SQL Log backup\ausveeambem.vm-29567D2020-02-02T000032_1793.vib"
"ausveeambem","2/2/2020 03:01:07","SQL Log backup","0.2998","0.8254","Increment","Successful","VMware Backup","ausveeambem.vm-29567D2020-02-02T030023_11C9.vib","True","D:\Backups\SQL Log backup\ausveeambem.vm-29567D2020-02-02T030023_11C9.vib"
"ausveeambem","2/2/2020 06:01:14","SQL Log backup","0.2665","0.717","Increment","Successful","VMware Backup","ausveeambem.vm-29567D2020-02-02T060029_AFAC.vib","True","D:\Backups\SQL Log backup\ausveeambem.vm-29567D2020-02-02T060029_AFAC.vib"
"ausveeambem","2/2/2020 09:00:59","SQL Log backup","0.4217","1.259","Increment","Successful","VMware Backup","ausveeambem.vm-29567D2020-02-02T090013_9592.vib","True","D:\Backups\SQL Log backup\ausveeambem.vm-29567D2020-02-02T090013_9592.vib"
"ausveeambem","2/2/2020 12:01:01","SQL Log backup","0.2582","0.6955","Increment","Successful","VMware Backup","ausveeambem.vm-29567D2020-02-02T120017_A9AF.vib","True","D:\Backups\SQL Log backup\ausveeambem.vm-29567D2020-02-02T120017_A9AF.vib"
"ausveeambem","2/2/2020 15:01:08","SQL Log backup","0.5706","1.6769","Increment","Successful","VMware Backup","ausveeambem.vm-29567D2020-02-02T150025_F208.vib","True","D:\Backups\SQL Log backup\ausveeambem.vm-29567D2020-02-02T150025_F208.vib"
"ausveeambem","2/2/2020 18:00:57","SQL Log backup","0.2548","0.6799","Increment","Successful","VMware Backup","ausveeambem.vm-29567D2020-02-02T180011_02BD.vib","True","D:\Backups\SQL Log backup\ausveeambem.vm-29567D2020-02-02T180011_02BD.vib"
"ausveeambem","2/2/2020 21:01:03","SQL Log backup","0.4234","1.2922","Increment","Successful","VMware Backup","ausveeambem.vm-29567D2020-02-02T210018_21D1.vib","True","D:\Backups\SQL Log backup\ausveeambem.vm-29567D2020-02-02T210018_21D1.vib"
"ausveeambem","2/3/2020 00:01:07","SQL Log backup","0.252","0.6838","Increment","Successful","VMware Backup","ausveeambem.vm-29567D2020-02-03T000023_01BB.vib","True","D:\Backups\SQL Log backup\ausveeambem.vm-29567D2020-02-03T000023_01BB.vib"
"ausveeambem","2/3/2020 03:01:02","SQL Log backup","0.4186","1.2629","Increment","Successful","VMware Backup","ausveeambem.vm-29567D2020-02-03T030019_6214.vib","True","D:\Backups\SQL Log backup\ausveeambem.vm-29567D2020-02-03T030019_6214.vib"
"ausveeambem","2/3/2020 06:01:12","SQL Log backup","0.2649","0.715","Increment","Successful","VMware Backup","ausveeambem.vm-29567D2020-02-03T060029_4C3D.vib","True","D:\Backups\SQL Log backup\ausveeambem.vm-29567D2020-02-03T060029_4C3D.vib"
"ausveeambem","2/3/2020 09:01:01","SQL Log backup","0.4056","1.2463","Increment","Successful","VMware Backup","ausveeambem.vm-29567D2020-02-03T090015_BF49.vib","True","D:\Backups\SQL Log backup\ausveeambem.vm-29567D2020-02-03T090015_BF49.vib"
"ausveeambem","2/3/2020 12:01:08","SQL Log backup","0.243","0.673","Increment","Successful","VMware Backup","ausveeambem.vm-29567D2020-02-03T120025_7C55.vib","True","D:\Backups\SQL Log backup\ausveeambem.vm-29567D2020-02-03T120025_7C55.vib"
"ausveeambem","2/3/2020 15:00:56","SQL Log backup","0.5568","1.6623","Increment","Successful","VMware Backup","ausveeambem.vm-29567D2020-02-03T150012_22CC.vib","True","D:\Backups\SQL Log backup\ausveeambem.vm-29567D2020-02-03T150012_22CC.vib"
"ausveeambem","2/3/2020 18:01:08","SQL Log backup","0.3016","0.8185","Increment","Successful","VMware Backup","ausveeambem.vm-29567D2020-02-03T180025_24A6.vib","True","D:\Backups\SQL Log backup\ausveeambem.vm-29567D2020-02-03T180025_24A6.vib"
"ausveeambem","2/3/2020 21:00:58","SQL Log backup","0.3641","1.1066","Increment","Successful","VMware Backup","ausveeambem.vm-29567D2020-02-03T210016_2461.vib","True","D:\Backups\SQL Log backup\ausveeambem.vm-29567D2020-02-03T210016_2461.vib"
"ausveeambem","2/4/2020 00:01:10","SQL Log backup","0.2755","0.7746","Increment","Successful","VMware Backup","ausveeambem.vm-29567D2020-02-04T000025_66DD.vib","True","D:\Backups\SQL Log backup\ausveeambem.vm-29567D2020-02-04T000025_66DD.vib"
"ausveeambem","2/4/2020 03:00:57","SQL Log backup","0.3739","1.1535","Increment","Successful","VMware Backup","ausveeambem.vm-29567D2020-02-04T030013_8B33.vib","True","D:\Backups\SQL Log backup\ausveeambem.vm-29567D2020-02-04T030013_8B33.vib"
"ausveeambem","2/4/2020 06:01:09","SQL Log backup","0.288","0.7853","Increment","Successful","VMware Backup","ausveeambem.vm-29567D2020-02-04T060023_797E.vib","True","D:\Backups\SQL Log backup\ausveeambem.vm-29567D2020-02-04T060023_797E.vib"
"ausveeambem","2/4/2020 09:01:13","SQL Log backup","0.2393","0.6779","Increment","Successful","VMware Backup","ausveeambem.vm-29567D2020-02-04T090029_1BD6.vib","True","D:\Backups\SQL Log backup\ausveeambem.vm-29567D2020-02-04T090029_1BD6.vib"
"ausveeambem","2/4/2020 12:01:03","SQL Log backup","0.3906","1.1916","Increment","Successful","VMware Backup","ausveeambem.vm-29567D2020-02-04T120017_B2D1.vib","True","D:\Backups\SQL Log backup\ausveeambem.vm-29567D2020-02-04T120017_B2D1.vib"
"ausveeambem","2/4/2020 15:01:40","SQL Log backup","0.4359","1.1984","Increment","Successful","VMware Backup","ausveeambem.vm-29567D2020-02-04T150025_D8CB.vib","True","D:\Backups\SQL Log backup\ausveeambem.vm-29567D2020-02-04T150025_D8CB.vib"
"ausveeambem","2/4/2020 18:01:20","SQL Log backup","0.3604","1.1418","Increment","Successful","VMware Backup","ausveeambem.vm-29567D2020-02-04T180033_14E7.vib","True","D:\Backups\SQL Log backup\ausveeambem.vm-29567D2020-02-04T180033_14E7.vib"
"ausveeambem","2/4/2020 21:01:11","SQL Log backup","0.3839","1.1652","Increment","Successful","VMware Backup","ausveeambem.vm-29567D2020-02-04T210025_5A39.vib","True","D:\Backups\SQL Log backup\ausveeambem.vm-29567D2020-02-04T210025_5A39.vib"
"ausveeambem","2/5/2020 00:00:56","SQL Log backup","0.2339","0.6545","Increment","Successful","VMware Backup","ausveeambem.vm-29567D2020-02-05T000014_29BA.vib","True","D:\Backups\SQL Log backup\ausveeambem.vm-29567D2020-02-05T000014_29BA.vib"
"ausveeambem","2/5/2020 03:01:10","SQL Log backup","0.4742","1.422","Increment","Successful","VMware Backup","ausveeambem.vm-29567D2020-02-05T030025_3468.vib","True","D:\Backups\SQL Log backup\ausveeambem.vm-29567D2020-02-05T030025_3468.vib"
"ausveeambem","2/5/2020 06:00:56","SQL Log backup","0.2382","0.6691","Increment","Successful","VMware Backup","ausveeambem.vm-29567D2020-02-05T060011_1613.vib","True","D:\Backups\SQL Log backup\ausveeambem.vm-29567D2020-02-05T060011_1613.vib"
"ausveeambem","2/5/2020 09:01:10","SQL Log backup","0.2702","0.7619","Increment","Successful","VMware Backup","ausveeambem.vm-29567D2020-02-05T090021_DA7C.vib","True","D:\Backups\SQL Log backup\ausveeambem.vm-29567D2020-02-05T090021_DA7C.vib"
"ausveeambem","2/5/2020 12:01:26","SQL Log backup","0.3702","1.174","Increment","Successful","VMware Backup","ausveeambem.vm-29567D2020-02-05T120028_A2C5.vib","True","D:\Backups\SQL Log backup\ausveeambem.vm-29567D2020-02-05T120028_A2C5.vib"
"ausveeambem","2/5/2020 15:01:13","SQL Log backup","0.545","1.6369","Increment","Successful","VMware Backup","ausveeambem.vm-29567D2020-02-05T150027_83D5.vib","True","D:\Backups\SQL Log backup\ausveeambem.vm-29567D2020-02-05T150027_83D5.vib"
"ausveeambem","2/5/2020 18:01:02","SQL Log backup","0.2798","0.7814","Increment","Successful","VMware Backup","ausveeambem.vm-29567D2020-02-05T180016_0E21.vib","True","D:\Backups\SQL Log backup\ausveeambem.vm-29567D2020-02-05T180016_0E21.vib"
"ausveeambem","2/6/2020 09:01:22","SQL Log backup","1.3713","4.2013","Increment","Successful","VMware Backup","ausveeambem.vm-29567D2020-02-06T090031_38FA.vib","True","D:\Backups\SQL Log backup\ausveeambem.vm-29567D2020-02-06T090031_38FA.vib"
"ausveeambem","2/6/2020 12:01:06","SQL Log backup","0.6226","1.8371","Increment","Successful","VMware Backup","ausveeambem.vm-29567D2020-02-06T120022_D07F.vib","True","D:\Backups\SQL Log backup\ausveeambem.vm-29567D2020-02-06T120022_D07F.vib"
"ausveeambem","2/6/2020 15:01:01","SQL Log backup","0.5812","1.7092","Increment","Successful","VMware Backup","ausveeambem.vm-29567D2020-02-06T150018_43ED.vib","True","D:\Backups\SQL Log backup\ausveeambem.vm-29567D2020-02-06T150018_43ED.vib"
"ausveeambem","2/6/2020 18:01:16","SQL Log backup","0.319","0.9787","Increment","Successful","VMware Backup","ausveeambem.vm-29567D2020-02-06T180032_BE0E.vib","True","D:\Backups\SQL Log backup\ausveeambem.vm-29567D2020-02-06T180032_BE0E.vib"
"ausveeambem","2/6/2020 21:01:00","SQL Log backup","0.4209","1.1711","Increment","Successful","VMware Backup","ausveeambem.vm-29567D2020-02-06T210015_6133.vib","True","D:\Backups\SQL Log backup\ausveeambem.vm-29567D2020-02-06T210015_6133.vib"
"ausveeambem","2/7/2020 00:01:01","SQL Log backup","0.3726","1.1623","Increment","Successful","VMware Backup","ausveeambem.vm-29567D2020-02-07T000017_CADD.vib","True","D:\Backups\SQL Log backup\ausveeambem.vm-29567D2020-02-07T000017_CADD.vib"
"ausveeambem","2/7/2020 03:00:59","SQL Log backup","0.2277","0.6584","Increment","Successful","VMware Backup","ausveeambem.vm-29567D2020-02-07T030012_2A71.vib","True","D:\Backups\SQL Log backup\ausveeambem.vm-29567D2020-02-07T030012_2A71.vib"
"ausveeambem","2/7/2020 06:01:20","SQL Log backup","0.395","1.2521","Increment","Successful","VMware Backup","ausveeambem.vm-29567D2020-02-07T060034_C8B7.vib","True","D:\Backups\SQL Log backup\ausveeambem.vm-29567D2020-02-07T060034_C8B7.vib"
"ausveeambem","2/7/2020 09:01:00","SQL Log backup","0.4191","1.1916","Increment","Successful","VMware Backup","ausveeambem.vm-29567D2020-02-07T090012_45B9.vib","True","D:\Backups\SQL Log backup\ausveeambem.vm-29567D2020-02-07T090012_45B9.vib"
"ausveeambem","2/7/2020 12:01:03","SQL Log backup","0.3481","1.1789","Increment","Successful","VMware Backup","ausveeambem.vm-29567D2020-02-07T120016_B1BA.vib","True","D:\Backups\SQL Log backup\ausveeambem.vm-29567D2020-02-07T120016_B1BA.vib"
"ausveeambem","2/7/2020 15:01:11","SQL Log backup","0.3669","1.2326","Increment","Successful","VMware Backup","ausveeambem.vm-29567D2020-02-07T150019_FF37.vib","True","D:\Backups\SQL Log backup\ausveeambem.vm-29567D2020-02-07T150019_FF37.vib"
"ausveeamone","6/1/2020 00:05:56","AUSVCENTER-NoTag","15.2318","40.0004","Full","Successful","VMware Backup","ausveeamone.vm-452D2020-06-01T001501_4668.vbk","True","D:\Backups\AUSVCENTER-NoTag\ausveeamone.vm-452D2020-06-01T001501_4668.vbk"
"ausveeambr","6/1/2020 00:13:50","AUSVCENTER-NoTag","31.1836","80.0007","Full","Successful","VMware Backup","ausveeambr.vm-476D2020-06-01T001501_6BC9.vbk","True","D:\Backups\AUSVCENTER-NoTag\ausveeambr.vm-476D2020-06-01T001501_6BC9.vbk"
"ausveeambem","6/1/2020 00:05:58","AUSVCENTER-NoTag","18.1626","40.0007","Full","Successful","VMware Backup","ausveeambem.vm-467D2020-06-01T001501_A836.vbk","True","D:\Backups\AUSVCENTER-NoTag\ausveeambem.vm-467D2020-06-01T001501_A836.vbk"
"ausdev01","6/1/2020 00:05:55","AUSVCENTER-NoTag","104.9706","200.0086","Full","Successful","VMware Backup","ausdev01.vm-449D2020-06-01T001501_8296.vbk","True","D:\Backups\AUSVCENTER-NoTag\ausdev01.vm-449D2020-06-01T001501_8296.vbk"
"ausjump01","6/1/2020 00:07:33","AUSVCENTER-NoTag","19.2627","40","Full","Successful","VMware Backup","ausjump01.vm-451D2020-06-01T001501_2F53.vbk","True","D:\Backups\AUSVCENTER-NoTag\ausjump01.vm-451D2020-06-01T001501_2F53.vbk"
"ausdev01","6/1/2020 04:06:31","AUSVCENTER-NoTag","0.7178","1.5906","Increment","Successful","VMware Backup","ausdev01.vm-449D2020-06-01T040530_AE05.vib","True","D:\Backups\AUSVCENTER-NoTag\ausdev01.vm-449D2020-06-01T040530_AE05.vib"
"ausveeambem","6/1/2020 04:06:34","AUSVCENTER-NoTag","0.2021","0.528","Increment","Successful","VMware Backup","ausveeambem.vm-467D2020-06-01T040530_564E.vib","True","D:\Backups\AUSVCENTER-NoTag\ausveeambem.vm-467D2020-06-01T040530_564E.vib"
"ausjump01","6/1/2020 04:07:50","AUSVCENTER-NoTag","0.017","0","Increment","Successful","VMware Backup","ausjump01.vm-451D2020-06-01T040530_A75C.vib","True","D:\Backups\AUSVCENTER-NoTag\ausjump01.vm-451D2020-06-01T040530_A75C.vib"
"ausveeambr","6/1/2020 04:15:01","AUSVCENTER-NoTag","0.7169","2.0125","Increment","Successful","VMware Backup","ausveeambr.vm-476D2020-06-01T040530_B48C.vib","True","D:\Backups\AUSVCENTER-NoTag\ausveeambr.vm-476D2020-06-01T040530_B48C.vib"
"ausveeamone","6/1/2020 04:06:15","AUSVCENTER-NoTag","0.1782","0.4985","Increment","Successful","VMware Backup","ausveeamone.vm-452D2020-06-01T040530_5010.vib","True","D:\Backups\AUSVCENTER-NoTag\ausveeamone.vm-452D2020-06-01T040530_5010.vib"
"ausveeambr","6/1/2020 08:13:41","AUSVCENTER-NoTag","0.8487","2.2312","Increment","Successful","VMware Backup","ausveeambr.vm-476D2020-06-01T080519_D064.vib","True","D:\Backups\AUSVCENTER-NoTag\ausveeambr.vm-476D2020-06-01T080519_D064.vib"
"ausjump01","6/1/2020 08:07:43","AUSVCENTER-NoTag","0.017","0","Increment","Successful","VMware Backup","ausjump01.vm-451D2020-06-01T080519_B6B9.vib","True","D:\Backups\AUSVCENTER-NoTag\ausjump01.vm-451D2020-06-01T080519_B6B9.vib"
"ausveeamone","6/1/2020 08:06:05","AUSVCENTER-NoTag","0.3529","0.9887","Increment","Successful","VMware Backup","ausveeamone.vm-452D2020-06-01T080519_145B.vib","True","D:\Backups\AUSVCENTER-NoTag\ausveeamone.vm-452D2020-06-01T080519_145B.vib"
"ausdev01","6/1/2020 08:06:28","AUSVCENTER-NoTag","0.5425","1.3142","Increment","Successful","VMware Backup","ausdev01.vm-449D2020-06-01T080519_772E.vib","True","D:\Backups\AUSVCENTER-NoTag\ausdev01.vm-449D2020-06-01T080519_772E.vib"
"ausveeambem","6/1/2020 08:06:29","AUSVCENTER-NoTag","0.3424","1.0241","Increment","Successful","VMware Backup","ausveeambem.vm-467D2020-06-01T080519_BC4F.vib","True","D:\Backups\AUSVCENTER-NoTag\ausveeambem.vm-467D2020-06-01T080519_BC4F.vib"
"ausdev01","6/1/2020 12:06:30","AUSVCENTER-NoTag","0.7046","1.6043","Increment","Successful","VMware Backup","ausdev01.vm-449D2020-06-01T120521_C306.vib","True","D:\Backups\AUSVCENTER-NoTag\ausdev01.vm-449D2020-06-01T120521_C306.vib"
"ausjump01","6/1/2020 12:07:21","AUSVCENTER-NoTag","0.017","0","Increment","Successful","VMware Backup","ausjump01.vm-451D2020-06-01T120521_6A93.vib","True","D:\Backups\AUSVCENTER-NoTag\ausjump01.vm-451D2020-06-01T120521_6A93.vib"
"ausveeamone","6/1/2020 12:06:07","AUSVCENTER-NoTag","0.1332","0.3706","Increment","Successful","VMware Backup","ausveeamone.vm-452D2020-06-01T120521_C306.vib","True","D:\Backups\AUSVCENTER-NoTag\ausveeamone.vm-452D2020-06-01T120521_C306.vib"
"ausveeambem","6/1/2020 12:06:34","AUSVCENTER-NoTag","0.2197","0.5768","Increment","Successful","VMware Backup","ausveeambem.vm-467D2020-06-01T120521_0004.vib","True","D:\Backups\AUSVCENTER-NoTag\ausveeambem.vm-467D2020-06-01T120521_0004.vib"
"ausveeambr","6/1/2020 12:14:30","AUSVCENTER-NoTag","0.7136","2.0076","Increment","Successful","VMware Backup","ausveeambr.vm-476D2020-06-01T120521_F39B.vib","True","D:\Backups\AUSVCENTER-NoTag\ausveeambr.vm-476D2020-06-01T120521_F39B.vib"
"ausveeamone","6/1/2020 16:05:56","AUSVCENTER-NoTag","0.1697","0.4546","Increment","Successful","VMware Backup","ausveeamone.vm-452D2020-06-01T160510_D435.vib","True","D:\Backups\AUSVCENTER-NoTag\ausveeamone.vm-452D2020-06-01T160510_D435.vib"
"ausdev01","6/1/2020 16:05:54","AUSVCENTER-NoTag","0.7144","1.6326","Increment","Successful","VMware Backup","ausdev01.vm-449D2020-06-01T160510_97E8.vib","True","D:\Backups\AUSVCENTER-NoTag\ausdev01.vm-449D2020-06-01T160510_97E8.vib"
"ausveeambem","6/1/2020 16:05:58","AUSVCENTER-NoTag","0.3262","0.9704","Increment","Successful","VMware Backup","ausveeambem.vm-467D2020-06-01T160510_35D8.vib","True","D:\Backups\AUSVCENTER-NoTag\ausveeambem.vm-467D2020-06-01T160510_35D8.vib"
"ausveeambr","6/1/2020 16:13:54","AUSVCENTER-NoTag","0.6748","2.0105","Increment","Successful","VMware Backup","ausveeambr.vm-476D2020-06-01T160510_87DC.vib","True","D:\Backups\AUSVCENTER-NoTag\ausveeambr.vm-476D2020-06-01T160510_87DC.vib"
"ausjump01","6/1/2020 16:07:25","AUSVCENTER-NoTag","0.017","0","Increment","Successful","VMware Backup","ausjump01.vm-451D2020-06-01T160510_7FF1.vib","True","D:\Backups\AUSVCENTER-NoTag\ausjump01.vm-451D2020-06-01T160510_7FF1.vib"
"ausdev01","6/1/2020 20:06:14","AUSVCENTER-NoTag","0.6799","1.5935","Increment","Successful","VMware Backup","ausdev01.vm-449D2020-06-01T200531_2285.vib","True","D:\Backups\AUSVCENTER-NoTag\ausdev01.vm-449D2020-06-01T200531_2285.vib"
"ausveeambem","6/1/2020 20:06:19","AUSVCENTER-NoTag","0.1996","0.528","Increment","Successful","VMware Backup","ausveeambem.vm-467D2020-06-01T200531_5FCD.vib","True","D:\Backups\AUSVCENTER-NoTag\ausveeambem.vm-467D2020-06-01T200531_5FCD.vib"
"ausveeamone","6/1/2020 20:06:17","AUSVCENTER-NoTag","0.1604","0.436","Increment","Successful","VMware Backup","ausveeamone.vm-452D2020-06-01T200531_2285.vib","True","D:\Backups\AUSVCENTER-NoTag\ausveeamone.vm-452D2020-06-01T200531_2285.vib"
"ausveeambr","6/1/2020 20:14:28","AUSVCENTER-NoTag","0.6072","1.7351","Increment","Successful","VMware Backup","ausveeambr.vm-476D2020-06-01T200531_B9A7.vib","True","D:\Backups\AUSVCENTER-NoTag\ausveeambr.vm-476D2020-06-01T200531_B9A7.vib"
"ausjump01","6/1/2020 20:07:46","AUSVCENTER-NoTag","0.017","0","Increment","Successful","VMware Backup","ausjump01.vm-451D2020-06-01T200531_C845.vib","True","D:\Backups\AUSVCENTER-NoTag\ausjump01.vm-451D2020-06-01T200531_C845.vib"
"ausjump01","6/1/2020 23:22:15","AUSVCENTER-NoTag","3.6812","5.9424","Increment","Successful","VMware Backup","ausjump01.vm-451D2020-06-01T232135_F994.vib","True","D:\Backups\AUSVCENTER-NoTag\ausjump01.vm-451D2020-06-01T232135_F994.vib"
"ausjump01","6/1/2020 23:39:25","AUSVCENTER-NoTag","0.351","0.6885","Increment","Successful","VMware Backup","ausjump01.vm-451D2020-06-01T233832_B4F5.vib","True","D:\Backups\AUSVCENTER-NoTag\ausjump01.vm-451D2020-06-01T233832_B4F5.vib"
"ausveeambem","6/2/2020 00:05:58","AUSVCENTER-NoTag","18.1642","40.0007","Full","Successful","VMware Backup","ausveeambem.vm-467D2020-06-02T001543_56A6.vbk","True","D:\Backups\AUSVCENTER-NoTag\ausveeambem.vm-467D2020-06-02T001543_56A6.vbk"
"ausveeambr","6/2/2020 00:14:25","AUSVCENTER-NoTag","31.1851","80.0007","Full","Successful","VMware Backup","ausveeambr.vm-476D2020-06-02T001543_1A67.vbk","True","D:\Backups\AUSVCENTER-NoTag\ausveeambr.vm-476D2020-06-02T001543_1A67.vbk"
"ausdev01","6/2/2020 00:05:56","AUSVCENTER-NoTag","105.1293","200.0086","Full","Successful","VMware Backup","ausdev01.vm-449D2020-06-02T001542_CF99.vbk","True","D:\Backups\AUSVCENTER-NoTag\ausdev01.vm-449D2020-06-02T001542_CF99.vbk"
"ausveeamone","6/2/2020 00:05:25","AUSVCENTER-NoTag","15.1628","40.0001","Full","Successful","VMware Backup","ausveeamone.vm-452D2020-06-02T001543_F51B.vbk","True","D:\Backups\AUSVCENTER-NoTag\ausveeamone.vm-452D2020-06-02T001543_F51B.vbk"
"ausjump01","6/2/2020 00:07:01","AUSVCENTER-NoTag","20.6548","40.002","Full","Successful","VMware Backup","ausjump01.vm-451D2020-06-02T001543_7BF5.vbk","True","D:\Backups\AUSVCENTER-NoTag\ausjump01.vm-451D2020-06-02T001543_7BF5.vbk"
"ausjump01","6/2/2020 04:07:13","AUSVCENTER-NoTag","0.4887","1.0557","Increment","Successful","VMware Backup","ausjump01.vm-451D2020-06-02T040530_2037.vib","True","D:\Backups\AUSVCENTER-NoTag\ausjump01.vm-451D2020-06-02T040530_2037.vib"
"ausveeambem","6/2/2020 04:06:34","AUSVCENTER-NoTag","0.2279","0.6188","Increment","Successful","VMware Backup","ausveeambem.vm-467D2020-06-02T040530_D8A2.vib","True","D:\Backups\AUSVCENTER-NoTag\ausveeambem.vm-467D2020-06-02T040530_D8A2.vib"
"ausveeambr","6/2/2020 04:14:26","AUSVCENTER-NoTag","0.6334","1.7634","Increment","Successful","VMware Backup","ausveeambr.vm-476D2020-06-02T040530_A8A0.vib","True","D:\Backups\AUSVCENTER-NoTag\ausveeambr.vm-476D2020-06-02T040530_A8A0.vib"
"ausdev01","6/2/2020 04:06:31","AUSVCENTER-NoTag","2.1883","8.7147","Increment","Successful","VMware Backup","ausdev01.vm-449D2020-06-02T040530_2168.vib","True","D:\Backups\AUSVCENTER-NoTag\ausdev01.vm-449D2020-06-02T040530_2168.vib"
"ausveeamone","6/2/2020 04:05:45","AUSVCENTER-NoTag","0.0172","0.0001","Increment","Successful","VMware Backup","ausveeamone.vm-452D2020-06-02T040530_FD69.vib","True","D:\Backups\AUSVCENTER-NoTag\ausveeamone.vm-452D2020-06-02T040530_FD69.vib"
"ausdev01","6/2/2020 08:06:34","AUSVCENTER-NoTag","0.4063","0.9813","Increment","Successful","VMware Backup","ausdev01.vm-449D2020-06-02T080531_2966.vib","True","D:\Backups\AUSVCENTER-NoTag\ausdev01.vm-449D2020-06-02T080531_2966.vib"
"ausveeamone","6/2/2020 08:05:46","AUSVCENTER-NoTag","0.0172","0.0001","Increment","Successful","VMware Backup","ausveeamone.vm-452D2020-06-02T080531_0ED8.vib","True","D:\Backups\AUSVCENTER-NoTag\ausveeamone.vm-452D2020-06-02T080531_0ED8.vib"
"ausveeambem","6/2/2020 08:06:38","AUSVCENTER-NoTag","0.2937","0.8952","Increment","Successful","VMware Backup","ausveeambem.vm-467D2020-06-02T080531_8986.vib","True","D:\Backups\AUSVCENTER-NoTag\ausveeambem.vm-467D2020-06-02T080531_8986.vib"
"ausveeambr","6/2/2020 08:14:11","AUSVCENTER-NoTag","1.0332","2.742","Increment","Successful","VMware Backup","ausveeambr.vm-476D2020-06-02T080531_E876.vib","True","D:\Backups\AUSVCENTER-NoTag\ausveeambr.vm-476D2020-06-02T080531_E876.vib"
"ausjump01","6/2/2020 08:07:00","AUSVCENTER-NoTag","0.2157","0.4522","Increment","Successful","VMware Backup","ausjump01.vm-451D2020-06-02T080531_D22D.vib","True","D:\Backups\AUSVCENTER-NoTag\ausjump01.vm-451D2020-06-02T080531_D22D.vib"
"ausveeambem","6/2/2020 12:05:59","AUSVCENTER-NoTag","0.4543","1.1862","Increment","Successful","VMware Backup","ausveeambem.vm-467D2020-06-02T120513_6C8B.vib","True","D:\Backups\AUSVCENTER-NoTag\ausveeambem.vm-467D2020-06-02T120513_6C8B.vib"
"ausveeamone","6/2/2020 12:05:28","AUSVCENTER-NoTag","0.0172","0.0001","Increment","Successful","VMware Backup","ausveeamone.vm-452D2020-06-02T120513_4562.vib","True","D:\Backups\AUSVCENTER-NoTag\ausveeamone.vm-452D2020-06-02T120513_4562.vib"
"ausjump01","6/2/2020 12:07:02","AUSVCENTER-NoTag","0.2402","0.5215","Increment","Successful","VMware Backup","ausjump01.vm-451D2020-06-02T120513_AC2E.vib","True","D:\Backups\AUSVCENTER-NoTag\ausjump01.vm-451D2020-06-02T120513_AC2E.vib"
"ausveeambr","6/2/2020 12:13:44","AUSVCENTER-NoTag","11.9261","55.1209","Increment","Successful","VMware Backup","ausveeambr.vm-476D2020-06-02T120513_FA0F.vib","True","D:\Backups\AUSVCENTER-NoTag\ausveeambr.vm-476D2020-06-02T120513_FA0F.vib"
"ausdev01","6/2/2020 12:05:58","AUSVCENTER-NoTag","2.0056","4.535","Increment","Successful","VMware Backup","ausdev01.vm-449D2020-06-02T120513_0A1C.vib","True","D:\Backups\AUSVCENTER-NoTag\ausdev01.vm-449D2020-06-02T120513_0A1C.vib"
