"VMName","RestorePointCreationTime","BackupType","BackupCorrupted","RestorePointId","DatabaseName","DatabaseServerName","DatabaseInstanceName","SystemDB","ReadOnly","BackedUp","Heuristic","AvailabilityGroupName","RecoveryModel","DatabaseID","RestoreIntervalStart","RestoreIntervalEnd","DatabaseFilePath","DatabaseFileType"
"aussql2k14","2/7/2020 13:21:43","Full","False","a2e60696-0f58-435e-96d3-5c984cc2187d","AdventureWorks2014","AUSSQL2K14","","False","False","True","False",,"Simple","e2a315d0-f5a0-4123-9095-e75721ab8b39","2/7/2020 19:21:38","2/7/2020 19:21:38","F:\Program Files\Microsoft SQL Server\MSSQL12.VEEAMSQLTEST\MSSQL\DATA\AdventureWorks2014_Data.mdf","Primary"
"aussql2k14","2/7/2020 13:21:43","Full","False","a2e60696-0f58-435e-96d3-5c984cc2187d","AdventureWorks2014","AUSSQL2K14","","False","False","True","False",,"Simple","e2a315d0-f5a0-4123-9095-e75721ab8b39","2/7/2020 19:21:38","2/7/2020 19:21:38","F:\Program Files\Microsoft SQL Server\MSSQL12.VEEAMSQLTEST\MSSQL\DATA\AdventureWorks2014_Log.ldf","Secondary"
"aussql2k14","2/7/2020 13:21:43","Full","False","a2e60696-0f58-435e-96d3-5c984cc2187d","ReportServer","AUSSQL2K14","","False","False","True","False",,"Full","b3cb5582-2092-4f4f-9ffa-69dff9fa2eab","2/7/2020 19:21:38","2/7/2020 19:21:38","F:\Program Files\Microsoft SQL Server\MSSQL12.VEEAMSQLTEST\MSSQL\DATA\ReportServer.mdf","Primary"
"aussql2k14","2/7/2020 13:21:43","Full","False","a2e60696-0f58-435e-96d3-5c984cc2187d","ReportServer","AUSSQL2K14","","False","False","True","False",,"Full","b3cb5582-2092-4f4f-9ffa-69dff9fa2eab","2/7/2020 19:21:38","2/7/2020 19:21:38","F:\Program Files\Microsoft SQL Server\MSSQL12.VEEAMSQLTEST\MSSQL\DATA\ReportServer_log.ldf","Secondary"
"aussql2k14","2/7/2020 13:21:43","Full","False","a2e60696-0f58-435e-96d3-5c984cc2187d","ReportServerTempDB","AUSSQL2K14","","False","False","True","False",,"Simple","eac01534-9ebe-4c50-8add-3b8df21e2dcd","2/7/2020 19:21:38","2/7/2020 19:21:38","F:\Program Files\Microsoft SQL Server\MSSQL12.VEEAMSQLTEST\MSSQL\DATA\ReportServerTempDB.mdf","Primary"
"aussql2k14","2/7/2020 13:21:43","Full","False","a2e60696-0f58-435e-96d3-5c984cc2187d","ReportServerTempDB","AUSSQL2K14","","False","False","True","False",,"Simple","eac01534-9ebe-4c50-8add-3b8df21e2dcd","2/7/2020 19:21:38","2/7/2020 19:21:38","F:\Program Files\Microsoft SQL Server\MSSQL12.VEEAMSQLTEST\MSSQL\DATA\ReportServerTempDB_log.ldf","Secondary"
"aussql2k14","2/7/2020 13:54:39","Increment","False","0b0c144c-11b0-477f-a4ab-fa8a98d3c6d7","AdventureWorks2014","AUSSQL2K14","","False","False","False","False",,"Unknown","00000000-0000-0000-0000-000000000000","No Restore Interval","No Restore Interval","F:\Program Files\Microsoft SQL Server\MSSQL12.VEEAMSQLTEST\MSSQL\DATA\AdventureWorks2014_Data.mdf","Primary"
"aussql2k14","2/7/2020 13:54:39","Increment","False","0b0c144c-11b0-477f-a4ab-fa8a98d3c6d7","AdventureWorks2014","AUSSQL2K14","","False","False","False","False",,"Unknown","00000000-0000-0000-0000-000000000000","No Restore Interval","No Restore Interval","F:\Program Files\Microsoft SQL Server\MSSQL12.VEEAMSQLTEST\MSSQL\DATA\AdventureWorks2014_Log.ldf","Secondary"
"aussql2k14","2/7/2020 13:54:39","Increment","False","0b0c144c-11b0-477f-a4ab-fa8a98d3c6d7","ReportServer","AUSSQL2K14","","False","False","False","False",,"Unknown","00000000-0000-0000-0000-000000000000","No Restore Interval","No Restore Interval","F:\Program Files\Microsoft SQL Server\MSSQL12.VEEAMSQLTEST\MSSQL\DATA\ReportServer.mdf","Primary"
"aussql2k14","2/7/2020 13:54:39","Increment","False","0b0c144c-11b0-477f-a4ab-fa8a98d3c6d7","ReportServer","AUSSQL2K14","","False","False","False","False",,"Unknown","00000000-0000-0000-0000-000000000000","No Restore Interval","No Restore Interval","F:\Program Files\Microsoft SQL Server\MSSQL12.VEEAMSQLTEST\MSSQL\DATA\ReportServer_log.ldf","Secondary"
"aussql2k14","2/7/2020 13:54:39","Increment","False","0b0c144c-11b0-477f-a4ab-fa8a98d3c6d7","ReportServerTempDB","AUSSQL2K14","","False","False","False","False",,"Unknown","00000000-0000-0000-0000-000000000000","No Restore Interval","No Restore Interval","F:\Program Files\Microsoft SQL Server\MSSQL12.VEEAMSQLTEST\MSSQL\DATA\ReportServerTempDB.mdf","Primary"
"aussql2k14","2/7/2020 13:54:39","Increment","False","0b0c144c-11b0-477f-a4ab-fa8a98d3c6d7","ReportServerTempDB","AUSSQL2K14","","False","False","False","False",,"Unknown","00000000-0000-0000-0000-000000000000","No Restore Interval","No Restore Interval","F:\Program Files\Microsoft SQL Server\MSSQL12.VEEAMSQLTEST\MSSQL\DATA\ReportServerTempDB_log.ldf","Secondary"
"aussql2k14","2/7/2020 15:43:39","Increment","False","a2cf76df-2d82-4699-b3df-028dc5f0b9c5","AdventureWorks2014","AUSSQL2K14","","False","False","False","False",,"Unknown","00000000-0000-0000-0000-000000000000","No Restore Interval","No Restore Interval","F:\Program Files\Microsoft SQL Server\MSSQL12.VEEAMSQLTEST\MSSQL\DATA\AdventureWorks2014_Data.mdf","Primary"
"aussql2k14","2/7/2020 15:43:39","Increment","False","a2cf76df-2d82-4699-b3df-028dc5f0b9c5","AdventureWorks2014","AUSSQL2K14","","False","False","False","False",,"Unknown","00000000-0000-0000-0000-000000000000","No Restore Interval","No Restore Interval","F:\Program Files\Microsoft SQL Server\MSSQL12.VEEAMSQLTEST\MSSQL\DATA\AdventureWorks2014_Log.ldf","Secondary"
"aussql2k14","2/7/2020 15:43:39","Increment","False","a2cf76df-2d82-4699-b3df-028dc5f0b9c5","ReportServer","AUSSQL2K14","","False","False","False","False",,"Unknown","00000000-0000-0000-0000-000000000000","No Restore Interval","No Restore Interval","F:\Program Files\Microsoft SQL Server\MSSQL12.VEEAMSQLTEST\MSSQL\DATA\ReportServer.mdf","Primary"
"aussql2k14","2/7/2020 15:43:39","Increment","False","a2cf76df-2d82-4699-b3df-028dc5f0b9c5","ReportServer","AUSSQL2K14","","False","False","False","False",,"Unknown","00000000-0000-0000-0000-000000000000","No Restore Interval","No Restore Interval","F:\Program Files\Microsoft SQL Server\MSSQL12.VEEAMSQLTEST\MSSQL\DATA\ReportServer_log.ldf","Secondary"
"aussql2k14","2/7/2020 15:43:39","Increment","False","a2cf76df-2d82-4699-b3df-028dc5f0b9c5","ReportServerTempDB","AUSSQL2K14","","False","False","False","False",,"Unknown","00000000-0000-0000-0000-000000000000","No Restore Interval","No Restore Interval","F:\Program Files\Microsoft SQL Server\MSSQL12.VEEAMSQLTEST\MSSQL\DATA\ReportServerTempDB.mdf","Primary"
"aussql2k14","2/7/2020 15:43:39","Increment","False","a2cf76df-2d82-4699-b3df-028dc5f0b9c5","ReportServerTempDB","AUSSQL2K14","","False","False","False","False",,"Unknown","00000000-0000-0000-0000-000000000000","No Restore Interval","No Restore Interval","F:\Program Files\Microsoft SQL Server\MSSQL12.VEEAMSQLTEST\MSSQL\DATA\ReportServerTempDB_log.ldf","Secondary"
"aussql2k14","2/7/2020 17:18:56","Increment","False","dca99839-b56a-4a3e-8a40-b1d7aa428492","AdventureWorks2014","AUSSQL2K14","","False","False","False","False",,"Unknown","00000000-0000-0000-0000-000000000000","No Restore Interval","No Restore Interval","F:\Program Files\Microsoft SQL Server\MSSQL12.VEEAMSQLTEST\MSSQL\DATA\AdventureWorks2014_Data.mdf","Primary"
"aussql2k14","2/7/2020 17:18:56","Increment","False","dca99839-b56a-4a3e-8a40-b1d7aa428492","AdventureWorks2014","AUSSQL2K14","","False","False","False","False",,"Unknown","00000000-0000-0000-0000-000000000000","No Restore Interval","No Restore Interval","F:\Program Files\Microsoft SQL Server\MSSQL12.VEEAMSQLTEST\MSSQL\DATA\AdventureWorks2014_Log.ldf","Secondary"
"aussql2k14","2/7/2020 17:18:56","Increment","False","dca99839-b56a-4a3e-8a40-b1d7aa428492","ReportServer","AUSSQL2K14","","False","False","False","False",,"Unknown","00000000-0000-0000-0000-000000000000","No Restore Interval","No Restore Interval","F:\Program Files\Microsoft SQL Server\MSSQL12.VEEAMSQLTEST\MSSQL\DATA\ReportServer.mdf","Primary"
"aussql2k14","2/7/2020 17:18:56","Increment","False","dca99839-b56a-4a3e-8a40-b1d7aa428492","ReportServer","AUSSQL2K14","","False","False","False","False",,"Unknown","00000000-0000-0000-0000-000000000000","No Restore Interval","No Restore Interval","F:\Program Files\Microsoft SQL Server\MSSQL12.VEEAMSQLTEST\MSSQL\DATA\ReportServer_log.ldf","Secondary"
"aussql2k14","2/7/2020 17:18:56","Increment","False","dca99839-b56a-4a3e-8a40-b1d7aa428492","ReportServerTempDB","AUSSQL2K14","","False","False","False","False",,"Unknown","00000000-0000-0000-0000-000000000000","No Restore Interval","No Restore Interval","F:\Program Files\Microsoft SQL Server\MSSQL12.VEEAMSQLTEST\MSSQL\DATA\ReportServerTempDB.mdf","Primary"
"aussql2k14","2/7/2020 17:18:56","Increment","False","dca99839-b56a-4a3e-8a40-b1d7aa428492","ReportServerTempDB","AUSSQL2K14","","False","False","False","False",,"Unknown","00000000-0000-0000-0000-000000000000","No Restore Interval","No Restore Interval","F:\Program Files\Microsoft SQL Server\MSSQL12.VEEAMSQLTEST\MSSQL\DATA\ReportServerTempDB_log.ldf","Secondary"
"aussql2k14","2/7/2020 17:54:44","Increment","False","78c2fe9c-e55f-4d74-9842-2883a8c6d00f","AdventureWorks2014","AUSSQL2K14","","False","False","False","False",,"Unknown","00000000-0000-0000-0000-000000000000","No Restore Interval","No Restore Interval","F:\Program Files\Microsoft SQL Server\MSSQL12.VEEAMSQLTEST\MSSQL\DATA\AdventureWorks2014_Data.mdf","Primary"
"aussql2k14","2/7/2020 17:54:44","Increment","False","78c2fe9c-e55f-4d74-9842-2883a8c6d00f","AdventureWorks2014","AUSSQL2K14","","False","False","False","False",,"Unknown","00000000-0000-0000-0000-000000000000","No Restore Interval","No Restore Interval","F:\Program Files\Microsoft SQL Server\MSSQL12.VEEAMSQLTEST\MSSQL\DATA\AdventureWorks2014_Log.ldf","Secondary"
"aussql2k14","2/7/2020 17:54:44","Increment","False","78c2fe9c-e55f-4d74-9842-2883a8c6d00f","ReportServer","AUSSQL2K14","","False","False","False","False",,"Unknown","00000000-0000-0000-0000-000000000000","No Restore Interval","No Restore Interval","F:\Program Files\Microsoft SQL Server\MSSQL12.VEEAMSQLTEST\MSSQL\DATA\ReportServer.mdf","Primary"
"aussql2k14","2/7/2020 17:54:44","Increment","False","78c2fe9c-e55f-4d74-9842-2883a8c6d00f","ReportServer","AUSSQL2K14","","False","False","False","False",,"Unknown","00000000-0000-0000-0000-000000000000","No Restore Interval","No Restore Interval","F:\Program Files\Microsoft SQL Server\MSSQL12.VEEAMSQLTEST\MSSQL\DATA\ReportServer_log.ldf","Secondary"
"aussql2k14","2/7/2020 17:54:44","Increment","False","78c2fe9c-e55f-4d74-9842-2883a8c6d00f","ReportServerTempDB","AUSSQL2K14","","False","False","False","False",,"Unknown","00000000-0000-0000-0000-000000000000","No Restore Interval","No Restore Interval","F:\Program Files\Microsoft SQL Server\MSSQL12.VEEAMSQLTEST\MSSQL\DATA\ReportServerTempDB.mdf","Primary"
"aussql2k14","2/7/2020 17:54:44","Increment","False","78c2fe9c-e55f-4d74-9842-2883a8c6d00f","ReportServerTempDB","AUSSQL2K14","","False","False","False","False",,"Unknown","00000000-0000-0000-0000-000000000000","No Restore Interval","No Restore Interval","F:\Program Files\Microsoft SQL Server\MSSQL12.VEEAMSQLTEST\MSSQL\DATA\ReportServerTempDB_log.ldf","Secondary"
"aussql2k14","2/7/2020 18:06:06","Increment","False","81b4d989-979c-4ac9-84e1-5ba5849867d2","AdventureWorks2014","AUSSQL2K14","","False","False","False","False",,"Unknown","00000000-0000-0000-0000-000000000000","No Restore Interval","No Restore Interval","F:\Program Files\Microsoft SQL Server\MSSQL12.VEEAMSQLTEST\MSSQL\DATA\AdventureWorks2014_Data.mdf","Primary"
"aussql2k14","2/7/2020 18:06:06","Increment","False","81b4d989-979c-4ac9-84e1-5ba5849867d2","AdventureWorks2014","AUSSQL2K14","","False","False","False","False",,"Unknown","00000000-0000-0000-0000-000000000000","No Restore Interval","No Restore Interval","F:\Program Files\Microsoft SQL Server\MSSQL12.VEEAMSQLTEST\MSSQL\DATA\AdventureWorks2014_Log.ldf","Secondary"
"aussql2k14","2/7/2020 18:06:06","Increment","False","81b4d989-979c-4ac9-84e1-5ba5849867d2","ReportServer","AUSSQL2K14","","False","False","False","False",,"Unknown","00000000-0000-0000-0000-000000000000","No Restore Interval","No Restore Interval","F:\Program Files\Microsoft SQL Server\MSSQL12.VEEAMSQLTEST\MSSQL\DATA\ReportServer.mdf","Primary"
"aussql2k14","2/7/2020 18:06:06","Increment","False","81b4d989-979c-4ac9-84e1-5ba5849867d2","ReportServer","AUSSQL2K14","","False","False","False","False",,"Unknown","00000000-0000-0000-0000-000000000000","No Restore Interval","No Restore Interval","F:\Program Files\Microsoft SQL Server\MSSQL12.VEEAMSQLTEST\MSSQL\DATA\ReportServer_log.ldf","Secondary"
"aussql2k14","2/7/2020 18:06:06","Increment","False","81b4d989-979c-4ac9-84e1-5ba5849867d2","ReportServerTempDB","AUSSQL2K14","","False","False","False","False",,"Unknown","00000000-0000-0000-0000-000000000000","No Restore Interval","No Restore Interval","F:\Program Files\Microsoft SQL Server\MSSQL12.VEEAMSQLTEST\MSSQL\DATA\ReportServerTempDB.mdf","Primary"
"aussql2k14","2/7/2020 18:06:06","Increment","False","81b4d989-979c-4ac9-84e1-5ba5849867d2","ReportServerTempDB","AUSSQL2K14","","False","False","False","False",,"Unknown","00000000-0000-0000-0000-000000000000","No Restore Interval","No Restore Interval","F:\Program Files\Microsoft SQL Server\MSSQL12.VEEAMSQLTEST\MSSQL\DATA\ReportServerTempDB_log.ldf","Secondary"
"aussql2k14","2/7/2020 18:14:14","Increment","False","3e7881be-5661-4631-b8c2-f7b9ade3d451","AdventureWorks2014","AUSSQL2K14","","False","False","False","False",,"Unknown","00000000-0000-0000-0000-000000000000","No Restore Interval","No Restore Interval","F:\Program Files\Microsoft SQL Server\MSSQL12.VEEAMSQLTEST\MSSQL\DATA\AdventureWorks2014_Data.mdf","Primary"
"aussql2k14","2/7/2020 18:14:14","Increment","False","3e7881be-5661-4631-b8c2-f7b9ade3d451","AdventureWorks2014","AUSSQL2K14","","False","False","False","False",,"Unknown","00000000-0000-0000-0000-000000000000","No Restore Interval","No Restore Interval","F:\Program Files\Microsoft SQL Server\MSSQL12.VEEAMSQLTEST\MSSQL\DATA\AdventureWorks2014_Log.ldf","Secondary"
"aussql2k14","2/7/2020 18:14:14","Increment","False","3e7881be-5661-4631-b8c2-f7b9ade3d451","ReportServer","AUSSQL2K14","","False","False","False","False",,"Unknown","00000000-0000-0000-0000-000000000000","No Restore Interval","No Restore Interval","F:\Program Files\Microsoft SQL Server\MSSQL12.VEEAMSQLTEST\MSSQL\DATA\ReportServer.mdf","Primary"
"aussql2k14","2/7/2020 18:14:14","Increment","False","3e7881be-5661-4631-b8c2-f7b9ade3d451","ReportServer","AUSSQL2K14","","False","False","False","False",,"Unknown","00000000-0000-0000-0000-000000000000","No Restore Interval","No Restore Interval","F:\Program Files\Microsoft SQL Server\MSSQL12.VEEAMSQLTEST\MSSQL\DATA\ReportServer_log.ldf","Secondary"
"aussql2k14","2/7/2020 18:14:14","Increment","False","3e7881be-5661-4631-b8c2-f7b9ade3d451","ReportServerTempDB","AUSSQL2K14","","False","False","False","False",,"Unknown","00000000-0000-0000-0000-000000000000","No Restore Interval","No Restore Interval","F:\Program Files\Microsoft SQL Server\MSSQL12.VEEAMSQLTEST\MSSQL\DATA\ReportServerTempDB.mdf","Primary"
"aussql2k14","2/7/2020 18:14:14","Increment","False","3e7881be-5661-4631-b8c2-f7b9ade3d451","ReportServerTempDB","AUSSQL2K14","","False","False","False","False",,"Unknown","00000000-0000-0000-0000-000000000000","No Restore Interval","No Restore Interval","F:\Program Files\Microsoft SQL Server\MSSQL12.VEEAMSQLTEST\MSSQL\DATA\ReportServerTempDB_log.ldf","Secondary"
"aussql2k14","2/7/2020 18:19:10","Increment","False","a2276151-60ae-4000-9859-6f70d58cbf3a","AdventureWorks2014","AUSSQL2K14","","False","False","False","False",,"Unknown","00000000-0000-0000-0000-000000000000","No Restore Interval","No Restore Interval","F:\Program Files\Microsoft SQL Server\MSSQL12.VEEAMSQLTEST\MSSQL\DATA\AdventureWorks2014_Data.mdf","Primary"
"aussql2k14","2/7/2020 18:19:10","Increment","False","a2276151-60ae-4000-9859-6f70d58cbf3a","AdventureWorks2014","AUSSQL2K14","","False","False","False","False",,"Unknown","00000000-0000-0000-0000-000000000000","No Restore Interval","No Restore Interval","F:\Program Files\Microsoft SQL Server\MSSQL12.VEEAMSQLTEST\MSSQL\DATA\AdventureWorks2014_Log.ldf","Secondary"
"aussql2k14","2/7/2020 18:19:10","Increment","False","a2276151-60ae-4000-9859-6f70d58cbf3a","ReportServer","AUSSQL2K14","","False","False","False","False",,"Unknown","00000000-0000-0000-0000-000000000000","No Restore Interval","No Restore Interval","F:\Program Files\Microsoft SQL Server\MSSQL12.VEEAMSQLTEST\MSSQL\DATA\ReportServer.mdf","Primary"
"aussql2k14","2/7/2020 18:19:10","Increment","False","a2276151-60ae-4000-9859-6f70d58cbf3a","ReportServer","AUSSQL2K14","","False","False","False","False",,"Unknown","00000000-0000-0000-0000-000000000000","No Restore Interval","No Restore Interval","F:\Program Files\Microsoft SQL Server\MSSQL12.VEEAMSQLTEST\MSSQL\DATA\ReportServer_log.ldf","Secondary"
"aussql2k14","2/7/2020 18:19:10","Increment","False","a2276151-60ae-4000-9859-6f70d58cbf3a","ReportServerTempDB","AUSSQL2K14","","False","False","False","False",,"Unknown","00000000-0000-0000-0000-000000000000","No Restore Interval","No Restore Interval","F:\Program Files\Microsoft SQL Server\MSSQL12.VEEAMSQLTEST\MSSQL\DATA\ReportServerTempDB.mdf","Primary"
"aussql2k14","2/7/2020 18:19:10","Increment","False","a2276151-60ae-4000-9859-6f70d58cbf3a","ReportServerTempDB","AUSSQL2K14","","False","False","False","False",,"Unknown","00000000-0000-0000-0000-000000000000","No Restore Interval","No Restore Interval","F:\Program Files\Microsoft SQL Server\MSSQL12.VEEAMSQLTEST\MSSQL\DATA\ReportServerTempDB_log.ldf","Secondary"
"aussql2k14","2/28/2020 09:10:46","Increment","False","2291d219-bbfb-4f01-b5c3-7f24ab9d6ee6","AdventureWorks2014","AUSSQL2K14","","False","False","True","False",,"Simple","e2a315d0-f5a0-4123-9095-e75721ab8b39","2/28/2020 15:10:09","2/28/2020 15:10:09","F:\Program Files\Microsoft SQL Server\MSSQL12.VEEAMSQLTEST\MSSQL\DATA\AdventureWorks2014_Data.mdf","Primary"
"aussql2k14","2/28/2020 09:10:46","Increment","False","2291d219-bbfb-4f01-b5c3-7f24ab9d6ee6","AdventureWorks2014","AUSSQL2K14","","False","False","True","False",,"Simple","e2a315d0-f5a0-4123-9095-e75721ab8b39","2/28/2020 15:10:09","2/28/2020 15:10:09","F:\Program Files\Microsoft SQL Server\MSSQL12.VEEAMSQLTEST\MSSQL\DATA\AdventureWorks2014_Log.ldf","Secondary"
"aussql2k14","2/28/2020 09:10:46","Increment","False","2291d219-bbfb-4f01-b5c3-7f24ab9d6ee6","ReportServer","AUSSQL2K14","","False","False","True","False",,"Full","b3cb5582-2092-4f4f-9ffa-69dff9fa2eab","2/28/2020 15:10:09","2/28/2020 15:10:09","F:\Program Files\Microsoft SQL Server\MSSQL12.VEEAMSQLTEST\MSSQL\DATA\ReportServer.mdf","Primary"
"aussql2k14","2/28/2020 09:10:46","Increment","False","2291d219-bbfb-4f01-b5c3-7f24ab9d6ee6","ReportServer","AUSSQL2K14","","False","False","True","False",,"Full","b3cb5582-2092-4f4f-9ffa-69dff9fa2eab","2/28/2020 15:10:09","2/28/2020 15:10:09","F:\Program Files\Microsoft SQL Server\MSSQL12.VEEAMSQLTEST\MSSQL\DATA\ReportServer_log.ldf","Secondary"
"aussql2k14","2/28/2020 09:10:46","Increment","False","2291d219-bbfb-4f01-b5c3-7f24ab9d6ee6","ReportServerTempDB","AUSSQL2K14","","False","False","True","False",,"Simple","eac01534-9ebe-4c50-8add-3b8df21e2dcd","2/28/2020 15:10:09","2/28/2020 15:10:09","F:\Program Files\Microsoft SQL Server\MSSQL12.VEEAMSQLTEST\MSSQL\DATA\ReportServerTempDB.mdf","Primary"
"aussql2k14","2/28/2020 09:10:46","Increment","False","2291d219-bbfb-4f01-b5c3-7f24ab9d6ee6","ReportServerTempDB","AUSSQL2K14","","False","False","True","False",,"Simple","eac01534-9ebe-4c50-8add-3b8df21e2dcd","2/28/2020 15:10:09","2/28/2020 15:10:09","F:\Program Files\Microsoft SQL Server\MSSQL12.VEEAMSQLTEST\MSSQL\DATA\ReportServerTempDB_log.ldf","Secondary"
"aussql2k14","3/23/2020 15:36:01","Increment","False","e328b4e3-c009-4494-b94e-9d57ae170933","AdventureWorks2014","AUSSQL2K14","","False","False","True","False",,"Simple","e2a315d0-f5a0-4123-9095-e75721ab8b39","3/23/2020 20:36:16","3/23/2020 20:36:16","F:\Program Files\Microsoft SQL Server\MSSQL12.VEEAMSQLTEST\MSSQL\DATA\AdventureWorks2014_Data.mdf","Primary"
"aussql2k14","3/23/2020 15:36:01","Increment","False","e328b4e3-c009-4494-b94e-9d57ae170933","AdventureWorks2014","AUSSQL2K14","","False","False","True","False",,"Simple","e2a315d0-f5a0-4123-9095-e75721ab8b39","3/23/2020 20:36:16","3/23/2020 20:36:16","F:\Program Files\Microsoft SQL Server\MSSQL12.VEEAMSQLTEST\MSSQL\DATA\AdventureWorks2014_Log.ldf","Secondary"
"aussql2k14","3/23/2020 15:36:01","Increment","False","e328b4e3-c009-4494-b94e-9d57ae170933","ReportServer","AUSSQL2K14","","False","False","True","False",,"Full","b3cb5582-2092-4f4f-9ffa-69dff9fa2eab","3/23/2020 20:36:16","3/23/2020 20:36:16","F:\Program Files\Microsoft SQL Server\MSSQL12.VEEAMSQLTEST\MSSQL\DATA\ReportServer.mdf","Primary"
"aussql2k14","3/23/2020 15:36:01","Increment","False","e328b4e3-c009-4494-b94e-9d57ae170933","ReportServer","AUSSQL2K14","","False","False","True","False",,"Full","b3cb5582-2092-4f4f-9ffa-69dff9fa2eab","3/23/2020 20:36:16","3/23/2020 20:36:16","F:\Program Files\Microsoft SQL Server\MSSQL12.VEEAMSQLTEST\MSSQL\DATA\ReportServer_log.ldf","Secondary"
"aussql2k14","3/23/2020 15:36:01","Increment","False","e328b4e3-c009-4494-b94e-9d57ae170933","ReportServerTempDB","AUSSQL2K14","","False","False","True","False",,"Simple","eac01534-9ebe-4c50-8add-3b8df21e2dcd","3/23/2020 20:36:16","3/23/2020 20:36:16","F:\Program Files\Microsoft SQL Server\MSSQL12.VEEAMSQLTEST\MSSQL\DATA\ReportServerTempDB.mdf","Primary"
"aussql2k14","3/23/2020 15:36:01","Increment","False","e328b4e3-c009-4494-b94e-9d57ae170933","ReportServerTempDB","AUSSQL2K14","","False","False","True","False",,"Simple","eac01534-9ebe-4c50-8add-3b8df21e2dcd","3/23/2020 20:36:16","3/23/2020 20:36:16","F:\Program Files\Microsoft SQL Server\MSSQL12.VEEAMSQLTEST\MSSQL\DATA\ReportServerTempDB_log.ldf","Secondary"
"aussql2k14","3/27/2020 18:58:25","Increment","False","1b9e8690-d8d8-4182-9883-8a3d1607a2fe","AdventureWorks2014","AUSSQL2K14","","False","False","True","False",,"Simple","e2a315d0-f5a0-4123-9095-e75721ab8b39","3/27/2020 23:58:08","3/27/2020 23:58:08","F:\Program Files\Microsoft SQL Server\MSSQL12.VEEAMSQLTEST\MSSQL\DATA\AdventureWorks2014_Data.mdf","Primary"
"aussql2k14","3/27/2020 18:58:25","Increment","False","1b9e8690-d8d8-4182-9883-8a3d1607a2fe","AdventureWorks2014","AUSSQL2K14","","False","False","True","False",,"Simple","e2a315d0-f5a0-4123-9095-e75721ab8b39","3/27/2020 23:58:08","3/27/2020 23:58:08","F:\Program Files\Microsoft SQL Server\MSSQL12.VEEAMSQLTEST\MSSQL\DATA\AdventureWorks2014_Log.ldf","Secondary"
"aussql2k14","3/27/2020 18:58:25","Increment","False","1b9e8690-d8d8-4182-9883-8a3d1607a2fe","ReportServer","AUSSQL2K14","","False","False","True","False",,"Full","b3cb5582-2092-4f4f-9ffa-69dff9fa2eab","3/27/2020 23:58:09","3/27/2020 23:58:09","F:\Program Files\Microsoft SQL Server\MSSQL12.VEEAMSQLTEST\MSSQL\DATA\ReportServer.mdf","Primary"
"aussql2k14","3/27/2020 18:58:25","Increment","False","1b9e8690-d8d8-4182-9883-8a3d1607a2fe","ReportServer","AUSSQL2K14","","False","False","True","False",,"Full","b3cb5582-2092-4f4f-9ffa-69dff9fa2eab","3/27/2020 23:58:09","3/27/2020 23:58:09","F:\Program Files\Microsoft SQL Server\MSSQL12.VEEAMSQLTEST\MSSQL\DATA\ReportServer_log.ldf","Secondary"
"aussql2k14","3/27/2020 18:58:25","Increment","False","1b9e8690-d8d8-4182-9883-8a3d1607a2fe","ReportServerTempDB","AUSSQL2K14","","False","False","True","False",,"Simple","eac01534-9ebe-4c50-8add-3b8df21e2dcd","3/27/2020 23:58:09","3/27/2020 23:58:09","F:\Program Files\Microsoft SQL Server\MSSQL12.VEEAMSQLTEST\MSSQL\DATA\ReportServerTempDB.mdf","Primary"
"aussql2k14","3/27/2020 18:58:25","Increment","False","1b9e8690-d8d8-4182-9883-8a3d1607a2fe","ReportServerTempDB","AUSSQL2K14","","False","False","True","False",,"Simple","eac01534-9ebe-4c50-8add-3b8df21e2dcd","3/27/2020 23:58:09","3/27/2020 23:58:09","F:\Program Files\Microsoft SQL Server\MSSQL12.VEEAMSQLTEST\MSSQL\DATA\ReportServerTempDB_log.ldf","Secondary"
"aussql2k14","3/27/2020 19:03:59","Increment","False","a4ebe1e0-ad8b-4794-ba38-7b2024a921b9","AdventureWorks2014","AUSSQL2K14","","False","False","True","False",,"Simple","e2a315d0-f5a0-4123-9095-e75721ab8b39","3/28/2020 00:03:49","3/28/2020 00:03:49","F:\Program Files\Microsoft SQL Server\MSSQL12.VEEAMSQLTEST\MSSQL\DATA\AdventureWorks2014_Data.mdf","Primary"
"aussql2k14","3/27/2020 19:03:59","Increment","False","a4ebe1e0-ad8b-4794-ba38-7b2024a921b9","AdventureWorks2014","AUSSQL2K14","","False","False","True","False",,"Simple","e2a315d0-f5a0-4123-9095-e75721ab8b39","3/28/2020 00:03:49","3/28/2020 00:03:49","F:\Program Files\Microsoft SQL Server\MSSQL12.VEEAMSQLTEST\MSSQL\DATA\AdventureWorks2014_Log.ldf","Secondary"
"aussql2k14","3/27/2020 19:03:59","Increment","False","a4ebe1e0-ad8b-4794-ba38-7b2024a921b9","ReportServer","AUSSQL2K14","","False","False","True","False",,"Full","b3cb5582-2092-4f4f-9ffa-69dff9fa2eab","3/28/2020 00:03:49","3/28/2020 00:03:49","F:\Program Files\Microsoft SQL Server\MSSQL12.VEEAMSQLTEST\MSSQL\DATA\ReportServer.mdf","Primary"
"aussql2k14","3/27/2020 19:03:59","Increment","False","a4ebe1e0-ad8b-4794-ba38-7b2024a921b9","ReportServer","AUSSQL2K14","","False","False","True","False",,"Full","b3cb5582-2092-4f4f-9ffa-69dff9fa2eab","3/28/2020 00:03:49","3/28/2020 00:03:49","F:\Program Files\Microsoft SQL Server\MSSQL12.VEEAMSQLTEST\MSSQL\DATA\ReportServer_log.ldf","Secondary"
"aussql2k14","3/27/2020 19:03:59","Increment","False","a4ebe1e0-ad8b-4794-ba38-7b2024a921b9","ReportServerTempDB","AUSSQL2K14","","False","False","True","False",,"Simple","eac01534-9ebe-4c50-8add-3b8df21e2dcd","3/28/2020 00:03:49","3/28/2020 00:03:49","F:\Program Files\Microsoft SQL Server\MSSQL12.VEEAMSQLTEST\MSSQL\DATA\ReportServerTempDB.mdf","Primary"
"aussql2k14","3/27/2020 19:03:59","Increment","False","a4ebe1e0-ad8b-4794-ba38-7b2024a921b9","ReportServerTempDB","AUSSQL2K14","","False","False","True","False",,"Simple","eac01534-9ebe-4c50-8add-3b8df21e2dcd","3/28/2020 00:03:49","3/28/2020 00:03:49","F:\Program Files\Microsoft SQL Server\MSSQL12.VEEAMSQLTEST\MSSQL\DATA\ReportServerTempDB_log.ldf","Secondary"
"aussql2k14","3/27/2020 19:24:55","Increment","False","8b08affe-365d-4f9a-86c9-c8716ff9e05b","AdventureWorks2014","AUSSQL2K14","","False","False","True","False",,"Simple","e2a315d0-f5a0-4123-9095-e75721ab8b39","3/28/2020 00:24:48","3/28/2020 00:24:48","F:\Program Files\Microsoft SQL Server\MSSQL12.VEEAMSQLTEST\MSSQL\DATA\AdventureWorks2014_Data.mdf","Primary"
"aussql2k14","3/27/2020 19:24:55","Increment","False","8b08affe-365d-4f9a-86c9-c8716ff9e05b","AdventureWorks2014","AUSSQL2K14","","False","False","True","False",,"Simple","e2a315d0-f5a0-4123-9095-e75721ab8b39","3/28/2020 00:24:48","3/28/2020 00:24:48","F:\Program Files\Microsoft SQL Server\MSSQL12.VEEAMSQLTEST\MSSQL\DATA\AdventureWorks2014_Log.ldf","Secondary"
"aussql2k14","3/27/2020 19:24:55","Increment","False","8b08affe-365d-4f9a-86c9-c8716ff9e05b","ReportServer","AUSSQL2K14","","False","False","True","False",,"Full","b3cb5582-2092-4f4f-9ffa-69dff9fa2eab","3/28/2020 00:24:48","3/28/2020 00:24:48","F:\Program Files\Microsoft SQL Server\MSSQL12.VEEAMSQLTEST\MSSQL\DATA\ReportServer.mdf","Primary"
"aussql2k14","3/27/2020 19:24:55","Increment","False","8b08affe-365d-4f9a-86c9-c8716ff9e05b","ReportServer","AUSSQL2K14","","False","False","True","False",,"Full","b3cb5582-2092-4f4f-9ffa-69dff9fa2eab","3/28/2020 00:24:48","3/28/2020 00:24:48","F:\Program Files\Microsoft SQL Server\MSSQL12.VEEAMSQLTEST\MSSQL\DATA\ReportServer_log.ldf","Secondary"
"aussql2k14","3/27/2020 19:24:55","Increment","False","8b08affe-365d-4f9a-86c9-c8716ff9e05b","ReportServerTempDB","AUSSQL2K14","","False","False","True","False",,"Simple","eac01534-9ebe-4c50-8add-3b8df21e2dcd","3/28/2020 00:24:48","3/28/2020 00:24:48","F:\Program Files\Microsoft SQL Server\MSSQL12.VEEAMSQLTEST\MSSQL\DATA\ReportServerTempDB.mdf","Primary"
"aussql2k14","3/27/2020 19:24:55","Increment","False","8b08affe-365d-4f9a-86c9-c8716ff9e05b","ReportServerTempDB","AUSSQL2K14","","False","False","True","False",,"Simple","eac01534-9ebe-4c50-8add-3b8df21e2dcd","3/28/2020 00:24:48","3/28/2020 00:24:48","F:\Program Files\Microsoft SQL Server\MSSQL12.VEEAMSQLTEST\MSSQL\DATA\ReportServerTempDB_log.ldf","Secondary"
"aussql2k14","4/6/2020 15:38:39","Increment","False","f526caa5-5f09-49e5-998d-de8f0f07d907","AdventureWorks2014","AUSSQL2K14","","False","False","True","False",,"Simple","79875410-fffe-4f14-9da0-690bd53beb06","4/6/2020 20:38:32","4/6/2020 20:38:32","F:\Program Files\Microsoft SQL Server\MSSQL12.VEEAMSQLTEST\MSSQL\DATA\AdventureWorks2014_Data.mdf","Primary"
"aussql2k14","4/6/2020 15:38:39","Increment","False","f526caa5-5f09-49e5-998d-de8f0f07d907","AdventureWorks2014","AUSSQL2K14","","False","False","True","False",,"Simple","79875410-fffe-4f14-9da0-690bd53beb06","4/6/2020 20:38:32","4/6/2020 20:38:32","F:\Program Files\Microsoft SQL Server\MSSQL12.VEEAMSQLTEST\MSSQL\DATA\AdventureWorks2014_Log.ldf","Secondary"
"aussql2k14","4/6/2020 15:38:39","Increment","False","f526caa5-5f09-49e5-998d-de8f0f07d907","ReportServer","AUSSQL2K14","","False","False","True","False",,"Full","b3cb5582-2092-4f4f-9ffa-69dff9fa2eab","4/6/2020 20:38:32","4/6/2020 20:38:32","F:\Program Files\Microsoft SQL Server\MSSQL12.VEEAMSQLTEST\MSSQL\DATA\ReportServer.mdf","Primary"
"aussql2k14","4/6/2020 15:38:39","Increment","False","f526caa5-5f09-49e5-998d-de8f0f07d907","ReportServer","AUSSQL2K14","","False","False","True","False",,"Full","b3cb5582-2092-4f4f-9ffa-69dff9fa2eab","4/6/2020 20:38:32","4/6/2020 20:38:32","F:\Program Files\Microsoft SQL Server\MSSQL12.VEEAMSQLTEST\MSSQL\DATA\ReportServer_log.ldf","Secondary"
"aussql2k14","4/6/2020 15:38:39","Increment","False","f526caa5-5f09-49e5-998d-de8f0f07d907","ReportServerTempDB","AUSSQL2K14","","False","False","True","False",,"Simple","eac01534-9ebe-4c50-8add-3b8df21e2dcd","4/6/2020 20:38:32","4/6/2020 20:38:32","F:\Program Files\Microsoft SQL Server\MSSQL12.VEEAMSQLTEST\MSSQL\DATA\ReportServerTempDB.mdf","Primary"
"aussql2k14","4/6/2020 15:38:39","Increment","False","f526caa5-5f09-49e5-998d-de8f0f07d907","ReportServerTempDB","AUSSQL2K14","","False","False","True","False",,"Simple","eac01534-9ebe-4c50-8add-3b8df21e2dcd","4/6/2020 20:38:32","4/6/2020 20:38:32","F:\Program Files\Microsoft SQL Server\MSSQL12.VEEAMSQLTEST\MSSQL\DATA\ReportServerTempDB_log.ldf","Secondary"
"ausveeambem","8/13/2019 08:06:12","Full","False","b910b358-dd9e-417c-b32e-01004df7d276","VeeamBackupReporting","AUSVEEAMBEM","VEEAMSQL2012","False","False","False","False",,"Simple","1ec68eee-ae73-4110-a10d-dff4b9c6acb9","8/13/2019 13:06:12","8/13/2019 13:06:12","C:\Program Files\Microsoft SQL Server\MSSQL11.VEEAMSQL2012\MSSQL\DATA\VeeamBackupReporting.mdf","Primary"
"ausveeambem","8/13/2019 08:06:12","Full","False","b910b358-dd9e-417c-b32e-01004df7d276","VeeamBackupReporting","AUSVEEAMBEM","VEEAMSQL2012","False","False","False","False",,"Simple","1ec68eee-ae73-4110-a10d-dff4b9c6acb9","8/13/2019 13:06:12","8/13/2019 13:06:12","C:\Program Files\Microsoft SQL Server\MSSQL11.VEEAMSQL2012\MSSQL\DATA\VeeamBackupReporting_log.ldf","Secondary"
"ausveeamone","8/13/2019 08:12:52","Full","False","530c08d0-cb6a-41d0-aa76-ffb657bdc6f0","VeeamONE","AUSVEEAMONE","VEEAMSQL2016","False","False","True","False",,"Simple","7ccb3d92-328c-49a0-8e47-7161915ba26d","8/13/2019 13:12:42","8/13/2019 13:12:42","C:\Program Files\Microsoft SQL Server\MSSQL13.VEEAMSQL2016\MSSQL\DATA\VeeamONE.mdf","Primary"
"ausveeamone","8/13/2019 08:12:52","Full","False","530c08d0-cb6a-41d0-aa76-ffb657bdc6f0","VeeamONE","AUSVEEAMONE","VEEAMSQL2016","False","False","True","False",,"Simple","7ccb3d92-328c-49a0-8e47-7161915ba26d","8/13/2019 13:12:42","8/13/2019 13:12:42","C:\Program Files\Microsoft SQL Server\MSSQL13.VEEAMSQL2016\MSSQL\DATA\VeeamONE_log.ldf","Secondary"
"ausveeamone","12/13/2019 12:51:07","Increment","False","0dad562c-b8b8-4e46-ae1b-db8d74f05e2c","VeeamONE","AUSVEEAMONE","VEEAMSQL2016","False","False","True","False",,"Simple","7ccb3d92-328c-49a0-8e47-7161915ba26d","12/13/2019 18:49:53","12/13/2019 18:49:53","C:\Program Files\Microsoft SQL Server\MSSQL13.VEEAMSQL2016\MSSQL\DATA\VeeamONE.mdf","Primary"
"ausveeamone","12/13/2019 12:51:07","Increment","False","0dad562c-b8b8-4e46-ae1b-db8d74f05e2c","VeeamONE","AUSVEEAMONE","VEEAMSQL2016","False","False","True","False",,"Simple","7ccb3d92-328c-49a0-8e47-7161915ba26d","12/13/2019 18:49:53","12/13/2019 18:49:53","C:\Program Files\Microsoft SQL Server\MSSQL13.VEEAMSQL2016\MSSQL\DATA\VeeamONE_log.ldf","Secondary"
"ausveeambem","12/13/2019 12:08:07","Increment","False","3e35bdfa-412c-43fb-9209-f31e47abf0b1","VeeamBackupReporting","AUSVEEAMBEM","VEEAMSQL2012","False","False","False","False",,"Simple","1ec68eee-ae73-4110-a10d-dff4b9c6acb9","12/13/2019 18:08:07","12/13/2019 18:08:07","C:\Program Files\Microsoft SQL Server\MSSQL11.VEEAMSQL2012\MSSQL\DATA\VeeamBackupReporting.mdf","Primary"
"ausveeambem","12/13/2019 12:08:07","Increment","False","3e35bdfa-412c-43fb-9209-f31e47abf0b1","VeeamBackupReporting","AUSVEEAMBEM","VEEAMSQL2012","False","False","False","False",,"Simple","1ec68eee-ae73-4110-a10d-dff4b9c6acb9","12/13/2019 18:08:07","12/13/2019 18:08:07","C:\Program Files\Microsoft SQL Server\MSSQL11.VEEAMSQL2012\MSSQL\DATA\VeeamBackupReporting_log.ldf","Secondary"
"ausveeambem","12/13/2019 20:15:57","Increment","False","b1149e61-5e9c-4b08-a338-88bde66b3676","VeeamBackupReporting","AUSVEEAMBEM","VEEAMSQL2012","False","False","False","False",,"Simple","1ec68eee-ae73-4110-a10d-dff4b9c6acb9","12/14/2019 02:15:57","12/14/2019 02:15:57","C:\Program Files\Microsoft SQL Server\MSSQL11.VEEAMSQL2012\MSSQL\DATA\VeeamBackupReporting.mdf","Primary"
"ausveeambem","12/13/2019 20:15:57","Increment","False","b1149e61-5e9c-4b08-a338-88bde66b3676","VeeamBackupReporting","AUSVEEAMBEM","VEEAMSQL2012","False","False","False","False",,"Simple","1ec68eee-ae73-4110-a10d-dff4b9c6acb9","12/14/2019 02:15:57","12/14/2019 02:15:57","C:\Program Files\Microsoft SQL Server\MSSQL11.VEEAMSQL2012\MSSQL\DATA\VeeamBackupReporting_log.ldf","Secondary"
"ausveeambem","12/14/2019 20:07:19","Increment","False","c101969b-1bd1-4248-a20b-98b615fa5a60","VeeamBackupReporting","AUSVEEAMBEM","VEEAMSQL2012","False","False","False","False",,"Simple","1ec68eee-ae73-4110-a10d-dff4b9c6acb9","12/15/2019 02:07:19","12/15/2019 02:07:19","C:\Program Files\Microsoft SQL Server\MSSQL11.VEEAMSQL2012\MSSQL\DATA\VeeamBackupReporting.mdf","Primary"
"ausveeambem","12/14/2019 20:07:19","Increment","False","c101969b-1bd1-4248-a20b-98b615fa5a60","VeeamBackupReporting","AUSVEEAMBEM","VEEAMSQL2012","False","False","False","False",,"Simple","1ec68eee-ae73-4110-a10d-dff4b9c6acb9","12/15/2019 02:07:19","12/15/2019 02:07:19","C:\Program Files\Microsoft SQL Server\MSSQL11.VEEAMSQL2012\MSSQL\DATA\VeeamBackupReporting_log.ldf","Secondary"
"ausveeamone","12/14/2019 20:15:14","Increment","False","955c7af5-c13f-4d63-9427-fe2030195a6b","VeeamONE","AUSVEEAMONE","VEEAMSQL2016","False","False","True","False",,"Simple","7ccb3d92-328c-49a0-8e47-7161915ba26d","12/15/2019 02:14:24","12/15/2019 02:14:24","C:\Program Files\Microsoft SQL Server\MSSQL13.VEEAMSQL2016\MSSQL\DATA\VeeamONE.mdf","Primary"
"ausveeamone","12/14/2019 20:15:14","Increment","False","955c7af5-c13f-4d63-9427-fe2030195a6b","VeeamONE","AUSVEEAMONE","VEEAMSQL2016","False","False","True","False",,"Simple","7ccb3d92-328c-49a0-8e47-7161915ba26d","12/15/2019 02:14:24","12/15/2019 02:14:24","C:\Program Files\Microsoft SQL Server\MSSQL13.VEEAMSQL2016\MSSQL\DATA\VeeamONE_log.ldf","Secondary"
"ausveeamone","12/15/2019 20:11:33","Increment","False","91fb2abd-62bd-433c-a083-421a3530f5cc","VeeamONE","AUSVEEAMONE","VEEAMSQL2016","False","False","True","False",,"Simple","7ccb3d92-328c-49a0-8e47-7161915ba26d","12/16/2019 02:08:43","12/16/2019 02:08:43","C:\Program Files\Microsoft SQL Server\MSSQL13.VEEAMSQL2016\MSSQL\DATA\VeeamONE.mdf","Primary"
"ausveeamone","12/15/2019 20:11:33","Increment","False","91fb2abd-62bd-433c-a083-421a3530f5cc","VeeamONE","AUSVEEAMONE","VEEAMSQL2016","False","False","True","False",,"Simple","7ccb3d92-328c-49a0-8e47-7161915ba26d","12/16/2019 02:08:43","12/16/2019 02:08:43","C:\Program Files\Microsoft SQL Server\MSSQL13.VEEAMSQL2016\MSSQL\DATA\VeeamONE_log.ldf","Secondary"
"ausveeambem","12/15/2019 20:06:31","Increment","False","a5f05538-3afc-41fd-96eb-794fe0f591c3","VeeamBackupReporting","AUSVEEAMBEM","VEEAMSQL2012","False","False","False","False",,"Simple","1ec68eee-ae73-4110-a10d-dff4b9c6acb9","12/16/2019 02:06:31","12/16/2019 02:06:31","C:\Program Files\Microsoft SQL Server\MSSQL11.VEEAMSQL2012\MSSQL\DATA\VeeamBackupReporting.mdf","Primary"
"ausveeambem","12/15/2019 20:06:31","Increment","False","a5f05538-3afc-41fd-96eb-794fe0f591c3","VeeamBackupReporting","AUSVEEAMBEM","VEEAMSQL2012","False","False","False","False",,"Simple","1ec68eee-ae73-4110-a10d-dff4b9c6acb9","12/16/2019 02:06:31","12/16/2019 02:06:31","C:\Program Files\Microsoft SQL Server\MSSQL11.VEEAMSQL2012\MSSQL\DATA\VeeamBackupReporting_log.ldf","Secondary"
"ausveeambem","2/1/2020 00:01:14","Full","False","a2d8b2e3-a66f-4d8c-8d43-1a2f5e9a2e7a","VeeamBackupReporting","AUSVEEAMBEM","VEEAMSQL2012","False","False","False","False",,"Simple","291797ff-01da-4448-924a-ed3d757555c9","2/1/2020 06:01:14","2/1/2020 06:01:14","C:\Program Files\Microsoft SQL Server\MSSQL11.VEEAMSQL2012\MSSQL\DATA\VeeamBackupReporting.mdf","Primary"
"ausveeambem","2/1/2020 00:01:14","Full","False","a2d8b2e3-a66f-4d8c-8d43-1a2f5e9a2e7a","VeeamBackupReporting","AUSVEEAMBEM","VEEAMSQL2012","False","False","False","False",,"Simple","291797ff-01da-4448-924a-ed3d757555c9","2/1/2020 06:01:14","2/1/2020 06:01:14","C:\Program Files\Microsoft SQL Server\MSSQL11.VEEAMSQL2012\MSSQL\DATA\VeeamBackupReporting_log.ldf","Secondary"
"ausveeambem","2/1/2020 03:00:58","Increment","False","1df2d094-594c-478b-8a2a-3a84818d96fb","VeeamBackupReporting","AUSVEEAMBEM","VEEAMSQL2012","False","False","False","False",,"Simple","291797ff-01da-4448-924a-ed3d757555c9","2/1/2020 09:00:58","2/1/2020 09:00:58","C:\Program Files\Microsoft SQL Server\MSSQL11.VEEAMSQL2012\MSSQL\DATA\VeeamBackupReporting.mdf","Primary"
"ausveeambem","2/1/2020 03:00:58","Increment","False","1df2d094-594c-478b-8a2a-3a84818d96fb","VeeamBackupReporting","AUSVEEAMBEM","VEEAMSQL2012","False","False","False","False",,"Simple","291797ff-01da-4448-924a-ed3d757555c9","2/1/2020 09:00:58","2/1/2020 09:00:58","C:\Program Files\Microsoft SQL Server\MSSQL11.VEEAMSQL2012\MSSQL\DATA\VeeamBackupReporting_log.ldf","Secondary"
"ausveeambem","2/1/2020 06:01:06","Increment","False","8788837e-1a1f-4d74-965b-d17fd5f07aa4","VeeamBackupReporting","AUSVEEAMBEM","VEEAMSQL2012","False","False","False","False",,"Simple","291797ff-01da-4448-924a-ed3d757555c9","2/1/2020 12:01:06","2/1/2020 12:01:06","C:\Program Files\Microsoft SQL Server\MSSQL11.VEEAMSQL2012\MSSQL\DATA\VeeamBackupReporting.mdf","Primary"
"ausveeambem","2/1/2020 06:01:06","Increment","False","8788837e-1a1f-4d74-965b-d17fd5f07aa4","VeeamBackupReporting","AUSVEEAMBEM","VEEAMSQL2012","False","False","False","False",,"Simple","291797ff-01da-4448-924a-ed3d757555c9","2/1/2020 12:01:06","2/1/2020 12:01:06","C:\Program Files\Microsoft SQL Server\MSSQL11.VEEAMSQL2012\MSSQL\DATA\VeeamBackupReporting_log.ldf","Secondary"
"ausveeambem","2/1/2020 09:01:13","Increment","False","7de1ce5d-19c8-4427-a626-497afebf3d06","VeeamBackupReporting","AUSVEEAMBEM","VEEAMSQL2012","False","False","False","False",,"Simple","291797ff-01da-4448-924a-ed3d757555c9","2/1/2020 15:01:13","2/1/2020 15:01:13","C:\Program Files\Microsoft SQL Server\MSSQL11.VEEAMSQL2012\MSSQL\DATA\VeeamBackupReporting.mdf","Primary"
"ausveeambem","2/1/2020 09:01:13","Increment","False","7de1ce5d-19c8-4427-a626-497afebf3d06","VeeamBackupReporting","AUSVEEAMBEM","VEEAMSQL2012","False","False","False","False",,"Simple","291797ff-01da-4448-924a-ed3d757555c9","2/1/2020 15:01:13","2/1/2020 15:01:13","C:\Program Files\Microsoft SQL Server\MSSQL11.VEEAMSQL2012\MSSQL\DATA\VeeamBackupReporting_log.ldf","Secondary"
"ausveeambem","2/1/2020 12:01:04","Increment","False","a96692bf-4282-4c24-bbeb-c2f8d540ff2d","VeeamBackupReporting","AUSVEEAMBEM","VEEAMSQL2012","False","False","False","False",,"Simple","291797ff-01da-4448-924a-ed3d757555c9","2/1/2020 18:01:04","2/1/2020 18:01:04","C:\Program Files\Microsoft SQL Server\MSSQL11.VEEAMSQL2012\MSSQL\DATA\VeeamBackupReporting.mdf","Primary"
"ausveeambem","2/1/2020 12:01:04","Increment","False","a96692bf-4282-4c24-bbeb-c2f8d540ff2d","VeeamBackupReporting","AUSVEEAMBEM","VEEAMSQL2012","False","False","False","False",,"Simple","291797ff-01da-4448-924a-ed3d757555c9","2/1/2020 18:01:04","2/1/2020 18:01:04","C:\Program Files\Microsoft SQL Server\MSSQL11.VEEAMSQL2012\MSSQL\DATA\VeeamBackupReporting_log.ldf","Secondary"
"ausveeambem","2/1/2020 15:01:15","Increment","False","6d64c387-93fc-4451-b936-4233d4286983","VeeamBackupReporting","AUSVEEAMBEM","VEEAMSQL2012","False","False","False","False",,"Simple","291797ff-01da-4448-924a-ed3d757555c9","2/1/2020 21:01:15","2/1/2020 21:01:15","C:\Program Files\Microsoft SQL Server\MSSQL11.VEEAMSQL2012\MSSQL\DATA\VeeamBackupReporting.mdf","Primary"
"ausveeambem","2/1/2020 15:01:15","Increment","False","6d64c387-93fc-4451-b936-4233d4286983","VeeamBackupReporting","AUSVEEAMBEM","VEEAMSQL2012","False","False","False","False",,"Simple","291797ff-01da-4448-924a-ed3d757555c9","2/1/2020 21:01:15","2/1/2020 21:01:15","C:\Program Files\Microsoft SQL Server\MSSQL11.VEEAMSQL2012\MSSQL\DATA\VeeamBackupReporting_log.ldf","Secondary"
"ausveeambem","2/1/2020 18:01:00","Increment","False","cb32c77d-b9ca-4272-93de-124279fe0058","VeeamBackupReporting","AUSVEEAMBEM","VEEAMSQL2012","False","False","False","False",,"Simple","291797ff-01da-4448-924a-ed3d757555c9","2/2/2020 00:01:00","2/2/2020 00:01:00","C:\Program Files\Microsoft SQL Server\MSSQL11.VEEAMSQL2012\MSSQL\DATA\VeeamBackupReporting.mdf","Primary"
"ausveeambem","2/1/2020 18:01:00","Increment","False","cb32c77d-b9ca-4272-93de-124279fe0058","VeeamBackupReporting","AUSVEEAMBEM","VEEAMSQL2012","False","False","False","False",,"Simple","291797ff-01da-4448-924a-ed3d757555c9","2/2/2020 00:01:00","2/2/2020 00:01:00","C:\Program Files\Microsoft SQL Server\MSSQL11.VEEAMSQL2012\MSSQL\DATA\VeeamBackupReporting_log.ldf","Secondary"
"ausveeambem","2/1/2020 21:01:08","Increment","False","f24ab307-3fa1-4d79-aff5-bc00893d1a65","VeeamBackupReporting","AUSVEEAMBEM","VEEAMSQL2012","False","False","False","False",,"Simple","291797ff-01da-4448-924a-ed3d757555c9","2/2/2020 03:01:08","2/2/2020 03:01:08","C:\Program Files\Microsoft SQL Server\MSSQL11.VEEAMSQL2012\MSSQL\DATA\VeeamBackupReporting.mdf","Primary"
"ausveeambem","2/1/2020 21:01:08","Increment","False","f24ab307-3fa1-4d79-aff5-bc00893d1a65","VeeamBackupReporting","AUSVEEAMBEM","VEEAMSQL2012","False","False","False","False",,"Simple","291797ff-01da-4448-924a-ed3d757555c9","2/2/2020 03:01:08","2/2/2020 03:01:08","C:\Program Files\Microsoft SQL Server\MSSQL11.VEEAMSQL2012\MSSQL\DATA\VeeamBackupReporting_log.ldf","Secondary"
"ausveeambem","2/2/2020 00:01:17","Increment","False","b697c4f3-2f79-42e4-bde4-952618191f1c","VeeamBackupReporting","AUSVEEAMBEM","VEEAMSQL2012","False","False","False","False",,"Simple","291797ff-01da-4448-924a-ed3d757555c9","2/2/2020 06:01:17","2/2/2020 06:01:17","C:\Program Files\Microsoft SQL Server\MSSQL11.VEEAMSQL2012\MSSQL\DATA\VeeamBackupReporting.mdf","Primary"
"ausveeambem","2/2/2020 00:01:17","Increment","False","b697c4f3-2f79-42e4-bde4-952618191f1c","VeeamBackupReporting","AUSVEEAMBEM","VEEAMSQL2012","False","False","False","False",,"Simple","291797ff-01da-4448-924a-ed3d757555c9","2/2/2020 06:01:17","2/2/2020 06:01:17","C:\Program Files\Microsoft SQL Server\MSSQL11.VEEAMSQL2012\MSSQL\DATA\VeeamBackupReporting_log.ldf","Secondary"
"ausveeambem","2/2/2020 03:01:07","Increment","False","a6a165f1-4fa1-4416-9347-119c89c5f747","VeeamBackupReporting","AUSVEEAMBEM","VEEAMSQL2012","False","False","False","False",,"Simple","291797ff-01da-4448-924a-ed3d757555c9","2/2/2020 09:01:07","2/2/2020 09:01:07","C:\Program Files\Microsoft SQL Server\MSSQL11.VEEAMSQL2012\MSSQL\DATA\VeeamBackupReporting.mdf","Primary"
"ausveeambem","2/2/2020 03:01:07","Increment","False","a6a165f1-4fa1-4416-9347-119c89c5f747","VeeamBackupReporting","AUSVEEAMBEM","VEEAMSQL2012","False","False","False","False",,"Simple","291797ff-01da-4448-924a-ed3d757555c9","2/2/2020 09:01:07","2/2/2020 09:01:07","C:\Program Files\Microsoft SQL Server\MSSQL11.VEEAMSQL2012\MSSQL\DATA\VeeamBackupReporting_log.ldf","Secondary"
"ausveeambem","2/2/2020 06:01:14","Increment","False","a7bcb377-722d-425c-8527-52fe3ba295fd","VeeamBackupReporting","AUSVEEAMBEM","VEEAMSQL2012","False","False","False","False",,"Simple","291797ff-01da-4448-924a-ed3d757555c9","2/2/2020 12:01:14","2/2/2020 12:01:14","C:\Program Files\Microsoft SQL Server\MSSQL11.VEEAMSQL2012\MSSQL\DATA\VeeamBackupReporting.mdf","Primary"
"ausveeambem","2/2/2020 06:01:14","Increment","False","a7bcb377-722d-425c-8527-52fe3ba295fd","VeeamBackupReporting","AUSVEEAMBEM","VEEAMSQL2012","False","False","False","False",,"Simple","291797ff-01da-4448-924a-ed3d757555c9","2/2/2020 12:01:14","2/2/2020 12:01:14","C:\Program Files\Microsoft SQL Server\MSSQL11.VEEAMSQL2012\MSSQL\DATA\VeeamBackupReporting_log.ldf","Secondary"
"ausveeambem","2/2/2020 09:00:59","Increment","False","d226d221-3add-4ff6-85e7-99f21a4a37c6","VeeamBackupReporting","AUSVEEAMBEM","VEEAMSQL2012","False","False","False","False",,"Simple","291797ff-01da-4448-924a-ed3d757555c9","2/2/2020 15:00:59","2/2/2020 15:00:59","C:\Program Files\Microsoft SQL Server\MSSQL11.VEEAMSQL2012\MSSQL\DATA\VeeamBackupReporting.mdf","Primary"
"ausveeambem","2/2/2020 09:00:59","Increment","False","d226d221-3add-4ff6-85e7-99f21a4a37c6","VeeamBackupReporting","AUSVEEAMBEM","VEEAMSQL2012","False","False","False","False",,"Simple","291797ff-01da-4448-924a-ed3d757555c9","2/2/2020 15:00:59","2/2/2020 15:00:59","C:\Program Files\Microsoft SQL Server\MSSQL11.VEEAMSQL2012\MSSQL\DATA\VeeamBackupReporting_log.ldf","Secondary"
"ausveeambem","2/2/2020 12:01:01","Increment","False","9ec9d054-767a-47fd-a342-c01b1125e8f6","VeeamBackupReporting","AUSVEEAMBEM","VEEAMSQL2012","False","False","False","False",,"Simple","291797ff-01da-4448-924a-ed3d757555c9","2/2/2020 18:01:01","2/2/2020 18:01:01","C:\Program Files\Microsoft SQL Server\MSSQL11.VEEAMSQL2012\MSSQL\DATA\VeeamBackupReporting.mdf","Primary"
"ausveeambem","2/2/2020 12:01:01","Increment","False","9ec9d054-767a-47fd-a342-c01b1125e8f6","VeeamBackupReporting","AUSVEEAMBEM","VEEAMSQL2012","False","False","False","False",,"Simple","291797ff-01da-4448-924a-ed3d757555c9","2/2/2020 18:01:01","2/2/2020 18:01:01","C:\Program Files\Microsoft SQL Server\MSSQL11.VEEAMSQL2012\MSSQL\DATA\VeeamBackupReporting_log.ldf","Secondary"
"ausveeambem","2/2/2020 15:01:08","Increment","False","9006aaca-f3df-46be-8eff-c6f2835f51d8","VeeamBackupReporting","AUSVEEAMBEM","VEEAMSQL2012","False","False","False","False",,"Simple","291797ff-01da-4448-924a-ed3d757555c9","2/2/2020 21:01:08","2/2/2020 21:01:08","C:\Program Files\Microsoft SQL Server\MSSQL11.VEEAMSQL2012\MSSQL\DATA\VeeamBackupReporting.mdf","Primary"
"ausveeambem","2/2/2020 15:01:08","Increment","False","9006aaca-f3df-46be-8eff-c6f2835f51d8","VeeamBackupReporting","AUSVEEAMBEM","VEEAMSQL2012","False","False","False","False",,"Simple","291797ff-01da-4448-924a-ed3d757555c9","2/2/2020 21:01:08","2/2/2020 21:01:08","C:\Program Files\Microsoft SQL Server\MSSQL11.VEEAMSQL2012\MSSQL\DATA\VeeamBackupReporting_log.ldf","Secondary"
"ausveeambem","2/2/2020 18:00:57","Increment","False","c8c3088f-a593-4f62-bc98-13b6db3cf401","VeeamBackupReporting","AUSVEEAMBEM","VEEAMSQL2012","False","False","False","False",,"Simple","291797ff-01da-4448-924a-ed3d757555c9","2/3/2020 00:00:57","2/3/2020 00:00:57","C:\Program Files\Microsoft SQL Server\MSSQL11.VEEAMSQL2012\MSSQL\DATA\VeeamBackupReporting.mdf","Primary"
"ausveeambem","2/2/2020 18:00:57","Increment","False","c8c3088f-a593-4f62-bc98-13b6db3cf401","VeeamBackupReporting","AUSVEEAMBEM","VEEAMSQL2012","False","False","False","False",,"Simple","291797ff-01da-4448-924a-ed3d757555c9","2/3/2020 00:00:57","2/3/2020 00:00:57","C:\Program Files\Microsoft SQL Server\MSSQL11.VEEAMSQL2012\MSSQL\DATA\VeeamBackupReporting_log.ldf","Secondary"
"ausveeambem","2/2/2020 21:01:03","Increment","False","a18d4f54-acfe-4a70-b75c-c893d597b749","VeeamBackupReporting","AUSVEEAMBEM","VEEAMSQL2012","False","False","False","False",,"Simple","291797ff-01da-4448-924a-ed3d757555c9","2/3/2020 03:01:03","2/3/2020 03:01:03","C:\Program Files\Microsoft SQL Server\MSSQL11.VEEAMSQL2012\MSSQL\DATA\VeeamBackupReporting.mdf","Primary"
"ausveeambem","2/2/2020 21:01:03","Increment","False","a18d4f54-acfe-4a70-b75c-c893d597b749","VeeamBackupReporting","AUSVEEAMBEM","VEEAMSQL2012","False","False","False","False",,"Simple","291797ff-01da-4448-924a-ed3d757555c9","2/3/2020 03:01:03","2/3/2020 03:01:03","C:\Program Files\Microsoft SQL Server\MSSQL11.VEEAMSQL2012\MSSQL\DATA\VeeamBackupReporting_log.ldf","Secondary"
"ausveeambem","2/3/2020 00:01:07","Increment","False","9f330f8d-1744-49c2-b5f0-8ea4c739fcc2","VeeamBackupReporting","AUSVEEAMBEM","VEEAMSQL2012","False","False","False","False",,"Simple","291797ff-01da-4448-924a-ed3d757555c9","2/3/2020 06:01:07","2/3/2020 06:01:07","C:\Program Files\Microsoft SQL Server\MSSQL11.VEEAMSQL2012\MSSQL\DATA\VeeamBackupReporting.mdf","Primary"
"ausveeambem","2/3/2020 00:01:07","Increment","False","9f330f8d-1744-49c2-b5f0-8ea4c739fcc2","VeeamBackupReporting","AUSVEEAMBEM","VEEAMSQL2012","False","False","False","False",,"Simple","291797ff-01da-4448-924a-ed3d757555c9","2/3/2020 06:01:07","2/3/2020 06:01:07","C:\Program Files\Microsoft SQL Server\MSSQL11.VEEAMSQL2012\MSSQL\DATA\VeeamBackupReporting_log.ldf","Secondary"
"ausveeambem","2/3/2020 03:01:02","Increment","False","8de9a453-dfa2-46b4-9688-216c805720af","VeeamBackupReporting","AUSVEEAMBEM","VEEAMSQL2012","False","False","False","False",,"Simple","291797ff-01da-4448-924a-ed3d757555c9","2/3/2020 09:01:02","2/3/2020 09:01:02","C:\Program Files\Microsoft SQL Server\MSSQL11.VEEAMSQL2012\MSSQL\DATA\VeeamBackupReporting.mdf","Primary"
"ausveeambem","2/3/2020 03:01:02","Increment","False","8de9a453-dfa2-46b4-9688-216c805720af","VeeamBackupReporting","AUSVEEAMBEM","VEEAMSQL2012","False","False","False","False",,"Simple","291797ff-01da-4448-924a-ed3d757555c9","2/3/2020 09:01:02","2/3/2020 09:01:02","C:\Program Files\Microsoft SQL Server\MSSQL11.VEEAMSQL2012\MSSQL\DATA\VeeamBackupReporting_log.ldf","Secondary"
"ausveeambem","2/3/2020 06:01:12","Increment","False","936afa97-7d91-4c53-be11-b258f6d994b2","VeeamBackupReporting","AUSVEEAMBEM","VEEAMSQL2012","False","False","False","False",,"Simple","291797ff-01da-4448-924a-ed3d757555c9","2/3/2020 12:01:12","2/3/2020 12:01:12","C:\Program Files\Microsoft SQL Server\MSSQL11.VEEAMSQL2012\MSSQL\DATA\VeeamBackupReporting.mdf","Primary"
"ausveeambem","2/3/2020 06:01:12","Increment","False","936afa97-7d91-4c53-be11-b258f6d994b2","VeeamBackupReporting","AUSVEEAMBEM","VEEAMSQL2012","False","False","False","False",,"Simple","291797ff-01da-4448-924a-ed3d757555c9","2/3/2020 12:01:12","2/3/2020 12:01:12","C:\Program Files\Microsoft SQL Server\MSSQL11.VEEAMSQL2012\MSSQL\DATA\VeeamBackupReporting_log.ldf","Secondary"
"ausveeambem","2/3/2020 09:01:01","Increment","False","bd591fca-3dd7-483b-a7b2-7708ff02b859","VeeamBackupReporting","AUSVEEAMBEM","VEEAMSQL2012","False","False","False","False",,"Simple","291797ff-01da-4448-924a-ed3d757555c9","2/3/2020 15:01:01","2/3/2020 15:01:01","C:\Program Files\Microsoft SQL Server\MSSQL11.VEEAMSQL2012\MSSQL\DATA\VeeamBackupReporting.mdf","Primary"
"ausveeambem","2/3/2020 09:01:01","Increment","False","bd591fca-3dd7-483b-a7b2-7708ff02b859","VeeamBackupReporting","AUSVEEAMBEM","VEEAMSQL2012","False","False","False","False",,"Simple","291797ff-01da-4448-924a-ed3d757555c9","2/3/2020 15:01:01","2/3/2020 15:01:01","C:\Program Files\Microsoft SQL Server\MSSQL11.VEEAMSQL2012\MSSQL\DATA\VeeamBackupReporting_log.ldf","Secondary"
"ausveeambem","2/3/2020 12:01:08","Increment","False","dcf68e8c-ecc7-4148-aa88-0c307e6dbb29","VeeamBackupReporting","AUSVEEAMBEM","VEEAMSQL2012","False","False","False","False",,"Simple","291797ff-01da-4448-924a-ed3d757555c9","2/3/2020 18:01:08","2/3/2020 18:01:08","C:\Program Files\Microsoft SQL Server\MSSQL11.VEEAMSQL2012\MSSQL\DATA\VeeamBackupReporting.mdf","Primary"
"ausveeambem","2/3/2020 12:01:08","Increment","False","dcf68e8c-ecc7-4148-aa88-0c307e6dbb29","VeeamBackupReporting","AUSVEEAMBEM","VEEAMSQL2012","False","False","False","False",,"Simple","291797ff-01da-4448-924a-ed3d757555c9","2/3/2020 18:01:08","2/3/2020 18:01:08","C:\Program Files\Microsoft SQL Server\MSSQL11.VEEAMSQL2012\MSSQL\DATA\VeeamBackupReporting_log.ldf","Secondary"
"ausveeambem","2/3/2020 15:00:56","Increment","False","01fa1c4d-8a26-43ef-bb11-5d8400983c13","VeeamBackupReporting","AUSVEEAMBEM","VEEAMSQL2012","False","False","False","False",,"Simple","291797ff-01da-4448-924a-ed3d757555c9","2/3/2020 21:00:56","2/3/2020 21:00:56","C:\Program Files\Microsoft SQL Server\MSSQL11.VEEAMSQL2012\MSSQL\DATA\VeeamBackupReporting.mdf","Primary"
"ausveeambem","2/3/2020 15:00:56","Increment","False","01fa1c4d-8a26-43ef-bb11-5d8400983c13","VeeamBackupReporting","AUSVEEAMBEM","VEEAMSQL2012","False","False","False","False",,"Simple","291797ff-01da-4448-924a-ed3d757555c9","2/3/2020 21:00:56","2/3/2020 21:00:56","C:\Program Files\Microsoft SQL Server\MSSQL11.VEEAMSQL2012\MSSQL\DATA\VeeamBackupReporting_log.ldf","Secondary"
"ausveeambem","2/3/2020 18:01:08","Increment","False","116bbf84-ef67-4a6a-8465-543c4cabed1e","VeeamBackupReporting","AUSVEEAMBEM","VEEAMSQL2012","False","False","False","False",,"Simple","291797ff-01da-4448-924a-ed3d757555c9","2/4/2020 00:01:08","2/4/2020 00:01:08","C:\Program Files\Microsoft SQL Server\MSSQL11.VEEAMSQL2012\MSSQL\DATA\VeeamBackupReporting.mdf","Primary"
"ausveeambem","2/3/2020 18:01:08","Increment","False","116bbf84-ef67-4a6a-8465-543c4cabed1e","VeeamBackupReporting","AUSVEEAMBEM","VEEAMSQL2012","False","False","False","False",,"Simple","291797ff-01da-4448-924a-ed3d757555c9","2/4/2020 00:01:08","2/4/2020 00:01:08","C:\Program Files\Microsoft SQL Server\MSSQL11.VEEAMSQL2012\MSSQL\DATA\VeeamBackupReporting_log.ldf","Secondary"
"ausveeambem","2/3/2020 21:00:58","Increment","False","c46d3b31-af6e-492a-b51b-b698f12a4614","VeeamBackupReporting","AUSVEEAMBEM","VEEAMSQL2012","False","False","False","False",,"Simple","291797ff-01da-4448-924a-ed3d757555c9","2/4/2020 03:00:58","2/4/2020 03:00:58","C:\Program Files\Microsoft SQL Server\MSSQL11.VEEAMSQL2012\MSSQL\DATA\VeeamBackupReporting.mdf","Primary"
"ausveeambem","2/3/2020 21:00:58","Increment","False","c46d3b31-af6e-492a-b51b-b698f12a4614","VeeamBackupReporting","AUSVEEAMBEM","VEEAMSQL2012","False","False","False","False",,"Simple","291797ff-01da-4448-924a-ed3d757555c9","2/4/2020 03:00:58","2/4/2020 03:00:58","C:\Program Files\Microsoft SQL Server\MSSQL11.VEEAMSQL2012\MSSQL\DATA\VeeamBackupReporting_log.ldf","Secondary"
"ausveeambem","2/4/2020 00:01:10","Increment","False","b92c7594-67d3-4d39-a5f3-51a350c9a4b9","VeeamBackupReporting","AUSVEEAMBEM","VEEAMSQL2012","False","False","False","False",,"Simple","291797ff-01da-4448-924a-ed3d757555c9","2/4/2020 06:01:10","2/4/2020 06:01:10","C:\Program Files\Microsoft SQL Server\MSSQL11.VEEAMSQL2012\MSSQL\DATA\VeeamBackupReporting.mdf","Primary"
"ausveeambem","2/4/2020 00:01:10","Increment","False","b92c7594-67d3-4d39-a5f3-51a350c9a4b9","VeeamBackupReporting","AUSVEEAMBEM","VEEAMSQL2012","False","False","False","False",,"Simple","291797ff-01da-4448-924a-ed3d757555c9","2/4/2020 06:01:10","2/4/2020 06:01:10","C:\Program Files\Microsoft SQL Server\MSSQL11.VEEAMSQL2012\MSSQL\DATA\VeeamBackupReporting_log.ldf","Secondary"
"ausveeambem","2/4/2020 03:00:57","Increment","False","03e85ce9-542f-4e82-bf52-bd138b82f73b","VeeamBackupReporting","AUSVEEAMBEM","VEEAMSQL2012","False","False","False","False",,"Simple","291797ff-01da-4448-924a-ed3d757555c9","2/4/2020 09:00:57","2/4/2020 09:00:57","C:\Program Files\Microsoft SQL Server\MSSQL11.VEEAMSQL2012\MSSQL\DATA\VeeamBackupReporting.mdf","Primary"
"ausveeambem","2/4/2020 03:00:57","Increment","False","03e85ce9-542f-4e82-bf52-bd138b82f73b","VeeamBackupReporting","AUSVEEAMBEM","VEEAMSQL2012","False","False","False","False",,"Simple","291797ff-01da-4448-924a-ed3d757555c9","2/4/2020 09:00:57","2/4/2020 09:00:57","C:\Program Files\Microsoft SQL Server\MSSQL11.VEEAMSQL2012\MSSQL\DATA\VeeamBackupReporting_log.ldf","Secondary"
"ausveeambem","2/4/2020 06:01:09","Increment","False","8ccad16b-d228-4c16-964c-ba8738e6da8f","VeeamBackupReporting","AUSVEEAMBEM","VEEAMSQL2012","False","False","False","False",,"Simple","291797ff-01da-4448-924a-ed3d757555c9","2/4/2020 12:01:09","2/4/2020 12:01:09","C:\Program Files\Microsoft SQL Server\MSSQL11.VEEAMSQL2012\MSSQL\DATA\VeeamBackupReporting.mdf","Primary"
"ausveeambem","2/4/2020 06:01:09","Increment","False","8ccad16b-d228-4c16-964c-ba8738e6da8f","VeeamBackupReporting","AUSVEEAMBEM","VEEAMSQL2012","False","False","False","False",,"Simple","291797ff-01da-4448-924a-ed3d757555c9","2/4/2020 12:01:09","2/4/2020 12:01:09","C:\Program Files\Microsoft SQL Server\MSSQL11.VEEAMSQL2012\MSSQL\DATA\VeeamBackupReporting_log.ldf","Secondary"
"ausveeambem","2/4/2020 09:01:13","Increment","False","1a872fab-0aa4-4e35-a74a-66f3d2019231","VeeamBackupReporting","AUSVEEAMBEM","VEEAMSQL2012","False","False","False","False",,"Simple","291797ff-01da-4448-924a-ed3d757555c9","2/4/2020 15:01:13","2/4/2020 15:01:13","C:\Program Files\Microsoft SQL Server\MSSQL11.VEEAMSQL2012\MSSQL\DATA\VeeamBackupReporting.mdf","Primary"
"ausveeambem","2/4/2020 09:01:13","Increment","False","1a872fab-0aa4-4e35-a74a-66f3d2019231","VeeamBackupReporting","AUSVEEAMBEM","VEEAMSQL2012","False","False","False","False",,"Simple","291797ff-01da-4448-924a-ed3d757555c9","2/4/2020 15:01:13","2/4/2020 15:01:13","C:\Program Files\Microsoft SQL Server\MSSQL11.VEEAMSQL2012\MSSQL\DATA\VeeamBackupReporting_log.ldf","Secondary"
"ausveeambem","2/4/2020 12:01:03","Increment","False","db7b62b4-fe8c-4ca9-a6d9-138b5fb7dcff","VeeamBackupReporting","AUSVEEAMBEM","VEEAMSQL2012","False","False","False","False",,"Simple","291797ff-01da-4448-924a-ed3d757555c9","2/4/2020 18:01:03","2/4/2020 18:01:03","C:\Program Files\Microsoft SQL Server\MSSQL11.VEEAMSQL2012\MSSQL\DATA\VeeamBackupReporting.mdf","Primary"
"ausveeambem","2/4/2020 12:01:03","Increment","False","db7b62b4-fe8c-4ca9-a6d9-138b5fb7dcff","VeeamBackupReporting","AUSVEEAMBEM","VEEAMSQL2012","False","False","False","False",,"Simple","291797ff-01da-4448-924a-ed3d757555c9","2/4/2020 18:01:03","2/4/2020 18:01:03","C:\Program Files\Microsoft SQL Server\MSSQL11.VEEAMSQL2012\MSSQL\DATA\VeeamBackupReporting_log.ldf","Secondary"
"ausveeambem","2/4/2020 15:01:40","Increment","False","614e7000-112f-4fed-8aa6-8958af1ca78d","VeeamBackupReporting","AUSVEEAMBEM","VEEAMSQL2012","False","False","False","False",,"Simple","291797ff-01da-4448-924a-ed3d757555c9","2/4/2020 21:01:40","2/4/2020 21:01:40","C:\Program Files\Microsoft SQL Server\MSSQL11.VEEAMSQL2012\MSSQL\DATA\VeeamBackupReporting.mdf","Primary"
"ausveeambem","2/4/2020 15:01:40","Increment","False","614e7000-112f-4fed-8aa6-8958af1ca78d","VeeamBackupReporting","AUSVEEAMBEM","VEEAMSQL2012","False","False","False","False",,"Simple","291797ff-01da-4448-924a-ed3d757555c9","2/4/2020 21:01:40","2/4/2020 21:01:40","C:\Program Files\Microsoft SQL Server\MSSQL11.VEEAMSQL2012\MSSQL\DATA\VeeamBackupReporting_log.ldf","Secondary"
"ausveeambem","2/4/2020 18:01:20","Increment","False","586635b2-fbd7-4e06-91be-0fcc8b6e18ac","VeeamBackupReporting","AUSVEEAMBEM","VEEAMSQL2012","False","False","False","False",,"Simple","291797ff-01da-4448-924a-ed3d757555c9","2/5/2020 00:01:20","2/5/2020 00:01:20","C:\Program Files\Microsoft SQL Server\MSSQL11.VEEAMSQL2012\MSSQL\DATA\VeeamBackupReporting.mdf","Primary"
"ausveeambem","2/4/2020 18:01:20","Increment","False","586635b2-fbd7-4e06-91be-0fcc8b6e18ac","VeeamBackupReporting","AUSVEEAMBEM","VEEAMSQL2012","False","False","False","False",,"Simple","291797ff-01da-4448-924a-ed3d757555c9","2/5/2020 00:01:20","2/5/2020 00:01:20","C:\Program Files\Microsoft SQL Server\MSSQL11.VEEAMSQL2012\MSSQL\DATA\VeeamBackupReporting_log.ldf","Secondary"
"ausveeambem","2/4/2020 21:01:11","Increment","False","a4ecf907-dc51-44c9-ab9f-a12e593c6d00","VeeamBackupReporting","AUSVEEAMBEM","VEEAMSQL2012","False","False","False","False",,"Simple","291797ff-01da-4448-924a-ed3d757555c9","2/5/2020 03:01:11","2/5/2020 03:01:11","C:\Program Files\Microsoft SQL Server\MSSQL11.VEEAMSQL2012\MSSQL\DATA\VeeamBackupReporting.mdf","Primary"
"ausveeambem","2/4/2020 21:01:11","Increment","False","a4ecf907-dc51-44c9-ab9f-a12e593c6d00","VeeamBackupReporting","AUSVEEAMBEM","VEEAMSQL2012","False","False","False","False",,"Simple","291797ff-01da-4448-924a-ed3d757555c9","2/5/2020 03:01:11","2/5/2020 03:01:11","C:\Program Files\Microsoft SQL Server\MSSQL11.VEEAMSQL2012\MSSQL\DATA\VeeamBackupReporting_log.ldf","Secondary"
"ausveeambem","2/5/2020 00:00:56","Increment","False","01e068dc-6004-4349-8f2a-e7e12d6a4a3f","VeeamBackupReporting","AUSVEEAMBEM","VEEAMSQL2012","False","False","False","False",,"Simple","291797ff-01da-4448-924a-ed3d757555c9","2/5/2020 06:00:56","2/5/2020 06:00:56","C:\Program Files\Microsoft SQL Server\MSSQL11.VEEAMSQL2012\MSSQL\DATA\VeeamBackupReporting.mdf","Primary"
"ausveeambem","2/5/2020 00:00:56","Increment","False","01e068dc-6004-4349-8f2a-e7e12d6a4a3f","VeeamBackupReporting","AUSVEEAMBEM","VEEAMSQL2012","False","False","False","False",,"Simple","291797ff-01da-4448-924a-ed3d757555c9","2/5/2020 06:00:56","2/5/2020 06:00:56","C:\Program Files\Microsoft SQL Server\MSSQL11.VEEAMSQL2012\MSSQL\DATA\VeeamBackupReporting_log.ldf","Secondary"
"ausveeambem","2/5/2020 03:01:10","Increment","False","58ec56a9-ba37-4c7c-9751-fd49fde60bcf","VeeamBackupReporting","AUSVEEAMBEM","VEEAMSQL2012","False","False","False","False",,"Simple","291797ff-01da-4448-924a-ed3d757555c9","2/5/2020 09:01:10","2/5/2020 09:01:10","C:\Program Files\Microsoft SQL Server\MSSQL11.VEEAMSQL2012\MSSQL\DATA\VeeamBackupReporting.mdf","Primary"
"ausveeambem","2/5/2020 03:01:10","Increment","False","58ec56a9-ba37-4c7c-9751-fd49fde60bcf","VeeamBackupReporting","AUSVEEAMBEM","VEEAMSQL2012","False","False","False","False",,"Simple","291797ff-01da-4448-924a-ed3d757555c9","2/5/2020 09:01:10","2/5/2020 09:01:10","C:\Program Files\Microsoft SQL Server\MSSQL11.VEEAMSQL2012\MSSQL\DATA\VeeamBackupReporting_log.ldf","Secondary"
"ausveeambem","2/5/2020 06:00:56","Increment","False","019eb884-5deb-4e46-bb80-3b9172ac52c3","VeeamBackupReporting","AUSVEEAMBEM","VEEAMSQL2012","False","False","False","False",,"Simple","291797ff-01da-4448-924a-ed3d757555c9","2/5/2020 12:00:56","2/5/2020 12:00:56","C:\Program Files\Microsoft SQL Server\MSSQL11.VEEAMSQL2012\MSSQL\DATA\VeeamBackupReporting.mdf","Primary"
"ausveeambem","2/5/2020 06:00:56","Increment","False","019eb884-5deb-4e46-bb80-3b9172ac52c3","VeeamBackupReporting","AUSVEEAMBEM","VEEAMSQL2012","False","False","False","False",,"Simple","291797ff-01da-4448-924a-ed3d757555c9","2/5/2020 12:00:56","2/5/2020 12:00:56","C:\Program Files\Microsoft SQL Server\MSSQL11.VEEAMSQL2012\MSSQL\DATA\VeeamBackupReporting_log.ldf","Secondary"
"ausveeambem","2/5/2020 09:01:10","Increment","False","bc5f05d8-297d-49e7-a8b0-a96f8ca32806","VeeamBackupReporting","AUSVEEAMBEM","VEEAMSQL2012","False","False","False","False",,"Simple","291797ff-01da-4448-924a-ed3d757555c9","2/5/2020 15:01:10","2/5/2020 15:01:10","C:\Program Files\Microsoft SQL Server\MSSQL11.VEEAMSQL2012\MSSQL\DATA\VeeamBackupReporting.mdf","Primary"
"ausveeambem","2/5/2020 09:01:10","Increment","False","bc5f05d8-297d-49e7-a8b0-a96f8ca32806","VeeamBackupReporting","AUSVEEAMBEM","VEEAMSQL2012","False","False","False","False",,"Simple","291797ff-01da-4448-924a-ed3d757555c9","2/5/2020 15:01:10","2/5/2020 15:01:10","C:\Program Files\Microsoft SQL Server\MSSQL11.VEEAMSQL2012\MSSQL\DATA\VeeamBackupReporting_log.ldf","Secondary"
"ausveeambem","2/5/2020 12:01:26","Increment","False","dc3bee4d-d3b3-4943-bd13-c3f11720d43c","VeeamBackupReporting","AUSVEEAMBEM","VEEAMSQL2012","False","False","False","False",,"Simple","291797ff-01da-4448-924a-ed3d757555c9","2/5/2020 18:01:26","2/5/2020 18:01:26","C:\Program Files\Microsoft SQL Server\MSSQL11.VEEAMSQL2012\MSSQL\DATA\VeeamBackupReporting.mdf","Primary"
"ausveeambem","2/5/2020 12:01:26","Increment","False","dc3bee4d-d3b3-4943-bd13-c3f11720d43c","VeeamBackupReporting","AUSVEEAMBEM","VEEAMSQL2012","False","False","False","False",,"Simple","291797ff-01da-4448-924a-ed3d757555c9","2/5/2020 18:01:26","2/5/2020 18:01:26","C:\Program Files\Microsoft SQL Server\MSSQL11.VEEAMSQL2012\MSSQL\DATA\VeeamBackupReporting_log.ldf","Secondary"
"ausveeambem","2/5/2020 15:01:13","Increment","False","9cf0a7dc-8d32-486b-97d8-0469dfd731ee","VeeamBackupReporting","AUSVEEAMBEM","VEEAMSQL2012","False","False","False","False",,"Simple","291797ff-01da-4448-924a-ed3d757555c9","2/5/2020 21:01:13","2/5/2020 21:01:13","C:\Program Files\Microsoft SQL Server\MSSQL11.VEEAMSQL2012\MSSQL\DATA\VeeamBackupReporting.mdf","Primary"
"ausveeambem","2/5/2020 15:01:13","Increment","False","9cf0a7dc-8d32-486b-97d8-0469dfd731ee","VeeamBackupReporting","AUSVEEAMBEM","VEEAMSQL2012","False","False","False","False",,"Simple","291797ff-01da-4448-924a-ed3d757555c9","2/5/2020 21:01:13","2/5/2020 21:01:13","C:\Program Files\Microsoft SQL Server\MSSQL11.VEEAMSQL2012\MSSQL\DATA\VeeamBackupReporting_log.ldf","Secondary"
"ausveeambem","2/5/2020 18:01:02","Increment","False","0a3d170b-fcf8-44f6-8db6-f9c04bfe6a27","VeeamBackupReporting","AUSVEEAMBEM","VEEAMSQL2012","False","False","False","False",,"Simple","291797ff-01da-4448-924a-ed3d757555c9","2/6/2020 00:01:02","2/6/2020 00:01:02","C:\Program Files\Microsoft SQL Server\MSSQL11.VEEAMSQL2012\MSSQL\DATA\VeeamBackupReporting.mdf","Primary"
"ausveeambem","2/5/2020 18:01:02","Increment","False","0a3d170b-fcf8-44f6-8db6-f9c04bfe6a27","VeeamBackupReporting","AUSVEEAMBEM","VEEAMSQL2012","False","False","False","False",,"Simple","291797ff-01da-4448-924a-ed3d757555c9","2/6/2020 00:01:02","2/6/2020 00:01:02","C:\Program Files\Microsoft SQL Server\MSSQL11.VEEAMSQL2012\MSSQL\DATA\VeeamBackupReporting_log.ldf","Secondary"
"ausveeambem","2/6/2020 09:01:22","Increment","False","2e337403-2bdc-4afd-9a52-a8730e7e2ba0","VeeamBackupReporting","AUSVEEAMBEM","VEEAMSQL2012","False","False","False","False",,"Simple","291797ff-01da-4448-924a-ed3d757555c9","2/6/2020 15:01:22","2/6/2020 15:01:22","C:\Program Files\Microsoft SQL Server\MSSQL11.VEEAMSQL2012\MSSQL\DATA\VeeamBackupReporting.mdf","Primary"
"ausveeambem","2/6/2020 09:01:22","Increment","False","2e337403-2bdc-4afd-9a52-a8730e7e2ba0","VeeamBackupReporting","AUSVEEAMBEM","VEEAMSQL2012","False","False","False","False",,"Simple","291797ff-01da-4448-924a-ed3d757555c9","2/6/2020 15:01:22","2/6/2020 15:01:22","C:\Program Files\Microsoft SQL Server\MSSQL11.VEEAMSQL2012\MSSQL\DATA\VeeamBackupReporting_log.ldf","Secondary"
"ausveeambem","2/6/2020 12:01:06","Increment","False","10b8282f-0b59-49b0-8627-d1d91dcf5d11","VeeamBackupReporting","AUSVEEAMBEM","VEEAMSQL2012","False","False","False","False",,"Simple","291797ff-01da-4448-924a-ed3d757555c9","2/6/2020 18:01:06","2/6/2020 18:01:06","C:\Program Files\Microsoft SQL Server\MSSQL11.VEEAMSQL2012\MSSQL\DATA\VeeamBackupReporting.mdf","Primary"
"ausveeambem","2/6/2020 12:01:06","Increment","False","10b8282f-0b59-49b0-8627-d1d91dcf5d11","VeeamBackupReporting","AUSVEEAMBEM","VEEAMSQL2012","False","False","False","False",,"Simple","291797ff-01da-4448-924a-ed3d757555c9","2/6/2020 18:01:06","2/6/2020 18:01:06","C:\Program Files\Microsoft SQL Server\MSSQL11.VEEAMSQL2012\MSSQL\DATA\VeeamBackupReporting_log.ldf","Secondary"
"ausveeambem","2/6/2020 15:01:01","Increment","False","b9b54662-2291-4270-ac0e-d6fd0254f937","VeeamBackupReporting","AUSVEEAMBEM","VEEAMSQL2012","False","False","False","False",,"Simple","291797ff-01da-4448-924a-ed3d757555c9","2/6/2020 21:01:01","2/6/2020 21:01:01","C:\Program Files\Microsoft SQL Server\MSSQL11.VEEAMSQL2012\MSSQL\DATA\VeeamBackupReporting.mdf","Primary"
"ausveeambem","2/6/2020 15:01:01","Increment","False","b9b54662-2291-4270-ac0e-d6fd0254f937","VeeamBackupReporting","AUSVEEAMBEM","VEEAMSQL2012","False","False","False","False",,"Simple","291797ff-01da-4448-924a-ed3d757555c9","2/6/2020 21:01:01","2/6/2020 21:01:01","C:\Program Files\Microsoft SQL Server\MSSQL11.VEEAMSQL2012\MSSQL\DATA\VeeamBackupReporting_log.ldf","Secondary"
"ausveeambem","2/6/2020 18:01:16","Increment","False","37bd1e96-e6f1-4a57-9f68-c2ef362f5fb8","VeeamBackupReporting","AUSVEEAMBEM","VEEAMSQL2012","False","False","False","False",,"Simple","291797ff-01da-4448-924a-ed3d757555c9","2/7/2020 00:01:16","2/7/2020 00:01:16","C:\Program Files\Microsoft SQL Server\MSSQL11.VEEAMSQL2012\MSSQL\DATA\VeeamBackupReporting.mdf","Primary"
"ausveeambem","2/6/2020 18:01:16","Increment","False","37bd1e96-e6f1-4a57-9f68-c2ef362f5fb8","VeeamBackupReporting","AUSVEEAMBEM","VEEAMSQL2012","False","False","False","False",,"Simple","291797ff-01da-4448-924a-ed3d757555c9","2/7/2020 00:01:16","2/7/2020 00:01:16","C:\Program Files\Microsoft SQL Server\MSSQL11.VEEAMSQL2012\MSSQL\DATA\VeeamBackupReporting_log.ldf","Secondary"
"ausveeambem","2/6/2020 21:01:00","Increment","False","4b256c89-cc69-42a4-aa7c-1982be85fdb4","VeeamBackupReporting","AUSVEEAMBEM","VEEAMSQL2012","False","False","False","False",,"Simple","291797ff-01da-4448-924a-ed3d757555c9","2/7/2020 03:01:00","2/7/2020 03:01:00","C:\Program Files\Microsoft SQL Server\MSSQL11.VEEAMSQL2012\MSSQL\DATA\VeeamBackupReporting.mdf","Primary"
"ausveeambem","2/6/2020 21:01:00","Increment","False","4b256c89-cc69-42a4-aa7c-1982be85fdb4","VeeamBackupReporting","AUSVEEAMBEM","VEEAMSQL2012","False","False","False","False",,"Simple","291797ff-01da-4448-924a-ed3d757555c9","2/7/2020 03:01:00","2/7/2020 03:01:00","C:\Program Files\Microsoft SQL Server\MSSQL11.VEEAMSQL2012\MSSQL\DATA\VeeamBackupReporting_log.ldf","Secondary"
"ausveeambem","2/7/2020 00:01:01","Increment","False","d1e0e825-b459-4a9b-ac95-9459c5fab7ff","VeeamBackupReporting","AUSVEEAMBEM","VEEAMSQL2012","False","False","False","False",,"Simple","291797ff-01da-4448-924a-ed3d757555c9","2/7/2020 06:01:01","2/7/2020 06:01:01","C:\Program Files\Microsoft SQL Server\MSSQL11.VEEAMSQL2012\MSSQL\DATA\VeeamBackupReporting.mdf","Primary"
"ausveeambem","2/7/2020 00:01:01","Increment","False","d1e0e825-b459-4a9b-ac95-9459c5fab7ff","VeeamBackupReporting","AUSVEEAMBEM","VEEAMSQL2012","False","False","False","False",,"Simple","291797ff-01da-4448-924a-ed3d757555c9","2/7/2020 06:01:01","2/7/2020 06:01:01","C:\Program Files\Microsoft SQL Server\MSSQL11.VEEAMSQL2012\MSSQL\DATA\VeeamBackupReporting_log.ldf","Secondary"
"ausveeambem","2/7/2020 03:00:59","Increment","False","d74d5b3b-a91d-4cb3-b2f9-ce6d3ee8a62c","VeeamBackupReporting","AUSVEEAMBEM","VEEAMSQL2012","False","False","False","False",,"Simple","291797ff-01da-4448-924a-ed3d757555c9","2/7/2020 09:00:59","2/7/2020 09:00:59","C:\Program Files\Microsoft SQL Server\MSSQL11.VEEAMSQL2012\MSSQL\DATA\VeeamBackupReporting.mdf","Primary"
"ausveeambem","2/7/2020 03:00:59","Increment","False","d74d5b3b-a91d-4cb3-b2f9-ce6d3ee8a62c","VeeamBackupReporting","AUSVEEAMBEM","VEEAMSQL2012","False","False","False","False",,"Simple","291797ff-01da-4448-924a-ed3d757555c9","2/7/2020 09:00:59","2/7/2020 09:00:59","C:\Program Files\Microsoft SQL Server\MSSQL11.VEEAMSQL2012\MSSQL\DATA\VeeamBackupReporting_log.ldf","Secondary"
"ausveeambem","2/7/2020 06:01:20","Increment","False","c66da024-ee07-4923-a1ea-66fb67055a6d","VeeamBackupReporting","AUSVEEAMBEM","VEEAMSQL2012","False","False","False","False",,"Simple","291797ff-01da-4448-924a-ed3d757555c9","2/7/2020 12:01:20","2/7/2020 12:01:20","C:\Program Files\Microsoft SQL Server\MSSQL11.VEEAMSQL2012\MSSQL\DATA\VeeamBackupReporting.mdf","Primary"
"ausveeambem","2/7/2020 06:01:20","Increment","False","c66da024-ee07-4923-a1ea-66fb67055a6d","VeeamBackupReporting","AUSVEEAMBEM","VEEAMSQL2012","False","False","False","False",,"Simple","291797ff-01da-4448-924a-ed3d757555c9","2/7/2020 12:01:20","2/7/2020 12:01:20","C:\Program Files\Microsoft SQL Server\MSSQL11.VEEAMSQL2012\MSSQL\DATA\VeeamBackupReporting_log.ldf","Secondary"
"ausveeambem","2/7/2020 09:01:00","Increment","False","496062e7-aaa5-4f05-91c2-ceb8bca01faf","VeeamBackupReporting","AUSVEEAMBEM","VEEAMSQL2012","False","False","False","False",,"Simple","291797ff-01da-4448-924a-ed3d757555c9","2/7/2020 15:01:00","2/7/2020 15:01:00","C:\Program Files\Microsoft SQL Server\MSSQL11.VEEAMSQL2012\MSSQL\DATA\VeeamBackupReporting.mdf","Primary"
"ausveeambem","2/7/2020 09:01:00","Increment","False","496062e7-aaa5-4f05-91c2-ceb8bca01faf","VeeamBackupReporting","AUSVEEAMBEM","VEEAMSQL2012","False","False","False","False",,"Simple","291797ff-01da-4448-924a-ed3d757555c9","2/7/2020 15:01:00","2/7/2020 15:01:00","C:\Program Files\Microsoft SQL Server\MSSQL11.VEEAMSQL2012\MSSQL\DATA\VeeamBackupReporting_log.ldf","Secondary"
"ausveeambem","2/7/2020 12:01:03","Increment","False","908722f4-5084-4b03-b784-929e2f1c06be","VeeamBackupReporting","AUSVEEAMBEM","VEEAMSQL2012","False","False","False","False",,"Simple","291797ff-01da-4448-924a-ed3d757555c9","2/7/2020 18:01:03","2/7/2020 18:01:03","C:\Program Files\Microsoft SQL Server\MSSQL11.VEEAMSQL2012\MSSQL\DATA\VeeamBackupReporting.mdf","Primary"
"ausveeambem","2/7/2020 12:01:03","Increment","False","908722f4-5084-4b03-b784-929e2f1c06be","VeeamBackupReporting","AUSVEEAMBEM","VEEAMSQL2012","False","False","False","False",,"Simple","291797ff-01da-4448-924a-ed3d757555c9","2/7/2020 18:01:03","2/7/2020 18:01:03","C:\Program Files\Microsoft SQL Server\MSSQL11.VEEAMSQL2012\MSSQL\DATA\VeeamBackupReporting_log.ldf","Secondary"
"ausveeambem","2/7/2020 15:01:11","Increment","False","f3b6e964-9d58-49ec-b5ff-7670a55b7e96","VeeamBackupReporting","AUSVEEAMBEM","VEEAMSQL2012","False","False","False","False",,"Simple","291797ff-01da-4448-924a-ed3d757555c9","2/7/2020 21:01:11","2/7/2020 21:01:11","C:\Program Files\Microsoft SQL Server\MSSQL11.VEEAMSQL2012\MSSQL\DATA\VeeamBackupReporting.mdf","Primary"
"ausveeambem","2/7/2020 15:01:11","Increment","False","f3b6e964-9d58-49ec-b5ff-7670a55b7e96","VeeamBackupReporting","AUSVEEAMBEM","VEEAMSQL2012","False","False","False","False",,"Simple","291797ff-01da-4448-924a-ed3d757555c9","2/7/2020 21:01:11","2/7/2020 21:01:11","C:\Program Files\Microsoft SQL Server\MSSQL11.VEEAMSQL2012\MSSQL\DATA\VeeamBackupReporting_log.ldf","Secondary"
"ausveeambem","6/3/2020 00:06:01","Full","False","d404b843-c458-4c55-9c83-a5085183ec1f","VeeamBackupReporting","AUSVEEAMBEM","VEEAMSQL2012","False","False","False","False",,"Simple","07b17f49-d50b-4561-bb3a-7a2860160366","6/3/2020 05:06:01","6/3/2020 05:06:01","C:\Program Files\Microsoft SQL Server\MSSQL11.VEEAMSQL2012\MSSQL\DATA\VeeamBackupReporting.mdf","Primary"
"ausveeambem","6/3/2020 00:06:01","Full","False","d404b843-c458-4c55-9c83-a5085183ec1f","VeeamBackupReporting","AUSVEEAMBEM","VEEAMSQL2012","False","False","False","False",,"Simple","07b17f49-d50b-4561-bb3a-7a2860160366","6/3/2020 05:06:01","6/3/2020 05:06:01","C:\Program Files\Microsoft SQL Server\MSSQL11.VEEAMSQL2012\MSSQL\DATA\VeeamBackupReporting_log.ldf","Secondary"
"ausveeambr","6/3/2020 00:13:41","Full","False","50232352-d242-45d8-99bd-c8ecb045daff","VeeamBackup","AUSVEEAMBR","VEEAMSQL2016","False","False","False","False",,"Simple","22d8927b-cffa-4277-b1db-7bfeb4e0daf1","6/3/2020 05:13:41","6/3/2020 05:13:41","C:\Program Files\Microsoft SQL Server\MSSQL13.VEEAMSQL2016\MSSQL\DATA\VeeamBackup.mdf","Primary"
"ausveeambr","6/3/2020 00:13:41","Full","False","50232352-d242-45d8-99bd-c8ecb045daff","VeeamBackup","AUSVEEAMBR","VEEAMSQL2016","False","False","False","False",,"Simple","22d8927b-cffa-4277-b1db-7bfeb4e0daf1","6/3/2020 05:13:41","6/3/2020 05:13:41","C:\Program Files\Microsoft SQL Server\MSSQL13.VEEAMSQL2016\MSSQL\DATA\VeeamBackup_log.ldf","Secondary"
"ausveeambr","6/3/2020 04:13:29","Increment","False","5cee0962-dbef-4416-b727-886a162a0e5c","VeeamBackup","AUSVEEAMBR","VEEAMSQL2016","False","False","False","False",,"Simple","22d8927b-cffa-4277-b1db-7bfeb4e0daf1","6/3/2020 09:13:29","6/3/2020 09:13:29","C:\Program Files\Microsoft SQL Server\MSSQL13.VEEAMSQL2016\MSSQL\DATA\VeeamBackup.mdf","Primary"
"ausveeambr","6/3/2020 04:13:29","Increment","False","5cee0962-dbef-4416-b727-886a162a0e5c","VeeamBackup","AUSVEEAMBR","VEEAMSQL2016","False","False","False","False",,"Simple","22d8927b-cffa-4277-b1db-7bfeb4e0daf1","6/3/2020 09:13:29","6/3/2020 09:13:29","C:\Program Files\Microsoft SQL Server\MSSQL13.VEEAMSQL2016\MSSQL\DATA\VeeamBackup_log.ldf","Secondary"
"ausveeambem","6/3/2020 04:06:02","Increment","False","ee3f8288-0ba5-4f42-a923-e603e9c7635b","VeeamBackupReporting","AUSVEEAMBEM","VEEAMSQL2012","False","False","False","False",,"Simple","07b17f49-d50b-4561-bb3a-7a2860160366","6/3/2020 09:06:02","6/3/2020 09:06:02","C:\Program Files\Microsoft SQL Server\MSSQL11.VEEAMSQL2012\MSSQL\DATA\VeeamBackupReporting.mdf","Primary"
"ausveeambem","6/3/2020 04:06:02","Increment","False","ee3f8288-0ba5-4f42-a923-e603e9c7635b","VeeamBackupReporting","AUSVEEAMBEM","VEEAMSQL2012","False","False","False","False",,"Simple","07b17f49-d50b-4561-bb3a-7a2860160366","6/3/2020 09:06:02","6/3/2020 09:06:02","C:\Program Files\Microsoft SQL Server\MSSQL11.VEEAMSQL2012\MSSQL\DATA\VeeamBackupReporting_log.ldf","Secondary"
"ausveeambr","6/3/2020 08:13:29","Increment","False","809e135f-347c-4acc-b29a-16a301aa8561","VeeamBackup","AUSVEEAMBR","VEEAMSQL2016","False","False","False","False",,"Simple","22d8927b-cffa-4277-b1db-7bfeb4e0daf1","6/3/2020 13:13:29","6/3/2020 13:13:29","C:\Program Files\Microsoft SQL Server\MSSQL13.VEEAMSQL2016\MSSQL\DATA\VeeamBackup.mdf","Primary"
"ausveeambr","6/3/2020 08:13:29","Increment","False","809e135f-347c-4acc-b29a-16a301aa8561","VeeamBackup","AUSVEEAMBR","VEEAMSQL2016","False","False","False","False",,"Simple","22d8927b-cffa-4277-b1db-7bfeb4e0daf1","6/3/2020 13:13:29","6/3/2020 13:13:29","C:\Program Files\Microsoft SQL Server\MSSQL13.VEEAMSQL2016\MSSQL\DATA\VeeamBackup_log.ldf","Secondary"
"ausveeambem","6/3/2020 08:05:59","Increment","False","6ec40082-6b19-4356-9048-ca94e65a87b0","VeeamBackupReporting","AUSVEEAMBEM","VEEAMSQL2012","False","False","False","False",,"Simple","07b17f49-d50b-4561-bb3a-7a2860160366","6/3/2020 13:05:59","6/3/2020 13:05:59","C:\Program Files\Microsoft SQL Server\MSSQL11.VEEAMSQL2012\MSSQL\DATA\VeeamBackupReporting.mdf","Primary"
"ausveeambem","6/3/2020 08:05:59","Increment","False","6ec40082-6b19-4356-9048-ca94e65a87b0","VeeamBackupReporting","AUSVEEAMBEM","VEEAMSQL2012","False","False","False","False",,"Simple","07b17f49-d50b-4561-bb3a-7a2860160366","6/3/2020 13:05:59","6/3/2020 13:05:59","C:\Program Files\Microsoft SQL Server\MSSQL11.VEEAMSQL2012\MSSQL\DATA\VeeamBackupReporting_log.ldf","Secondary"
"ausveeambr","6/3/2020 12:13:49","Increment","False","6811851a-0382-4743-b3ae-4aa4d3efa3fc","VeeamBackup","AUSVEEAMBR","VEEAMSQL2016","False","False","False","False",,"Simple","22d8927b-cffa-4277-b1db-7bfeb4e0daf1","6/3/2020 17:13:49","6/3/2020 17:13:49","C:\Program Files\Microsoft SQL Server\MSSQL13.VEEAMSQL2016\MSSQL\DATA\VeeamBackup.mdf","Primary"
"ausveeambr","6/3/2020 12:13:49","Increment","False","6811851a-0382-4743-b3ae-4aa4d3efa3fc","VeeamBackup","AUSVEEAMBR","VEEAMSQL2016","False","False","False","False",,"Simple","22d8927b-cffa-4277-b1db-7bfeb4e0daf1","6/3/2020 17:13:49","6/3/2020 17:13:49","C:\Program Files\Microsoft SQL Server\MSSQL13.VEEAMSQL2016\MSSQL\DATA\VeeamBackup_log.ldf","Secondary"
"ausveeambem","6/3/2020 12:06:01","Increment","False","13c7e5b0-3d92-47fc-b1c0-5c1bb50b1380","VeeamBackupReporting","AUSVEEAMBEM","VEEAMSQL2012","False","False","False","False",,"Simple","07b17f49-d50b-4561-bb3a-7a2860160366","6/3/2020 17:06:01","6/3/2020 17:06:01","C:\Program Files\Microsoft SQL Server\MSSQL11.VEEAMSQL2012\MSSQL\DATA\VeeamBackupReporting.mdf","Primary"
"ausveeambem","6/3/2020 12:06:01","Increment","False","13c7e5b0-3d92-47fc-b1c0-5c1bb50b1380","VeeamBackupReporting","AUSVEEAMBEM","VEEAMSQL2012","False","False","False","False",,"Simple","07b17f49-d50b-4561-bb3a-7a2860160366","6/3/2020 17:06:01","6/3/2020 17:06:01","C:\Program Files\Microsoft SQL Server\MSSQL11.VEEAMSQL2012\MSSQL\DATA\VeeamBackupReporting_log.ldf","Secondary"
"ausveeambem","6/3/2020 16:06:10","Increment","False","78f6c8bc-088c-4e8b-aa53-41435d031052","VeeamBackupReporting","AUSVEEAMBEM","VEEAMSQL2012","False","False","False","False",,"Simple","07b17f49-d50b-4561-bb3a-7a2860160366","6/3/2020 21:06:10","6/3/2020 21:06:10","C:\Program Files\Microsoft SQL Server\MSSQL11.VEEAMSQL2012\MSSQL\DATA\VeeamBackupReporting.mdf","Primary"
"ausveeambem","6/3/2020 16:06:10","Increment","False","78f6c8bc-088c-4e8b-aa53-41435d031052","VeeamBackupReporting","AUSVEEAMBEM","VEEAMSQL2012","False","False","False","False",,"Simple","07b17f49-d50b-4561-bb3a-7a2860160366","6/3/2020 21:06:10","6/3/2020 21:06:10","C:\Program Files\Microsoft SQL Server\MSSQL11.VEEAMSQL2012\MSSQL\DATA\VeeamBackupReporting_log.ldf","Secondary"
"ausveeambr","6/3/2020 16:13:48","Increment","False","0b9db200-2c6e-45c3-a972-b9e65eba4f2b","VeeamBackup","AUSVEEAMBR","VEEAMSQL2016","False","False","False","False",,"Simple","22d8927b-cffa-4277-b1db-7bfeb4e0daf1","6/3/2020 21:13:48","6/3/2020 21:13:48","C:\Program Files\Microsoft SQL Server\MSSQL13.VEEAMSQL2016\MSSQL\DATA\VeeamBackup.mdf","Primary"
"ausveeambr","6/3/2020 16:13:48","Increment","False","0b9db200-2c6e-45c3-a972-b9e65eba4f2b","VeeamBackup","AUSVEEAMBR","VEEAMSQL2016","False","False","False","False",,"Simple","22d8927b-cffa-4277-b1db-7bfeb4e0daf1","6/3/2020 21:13:48","6/3/2020 21:13:48","C:\Program Files\Microsoft SQL Server\MSSQL13.VEEAMSQL2016\MSSQL\DATA\VeeamBackup_log.ldf","Secondary"
